Topic,Data,TimeStamp
perceptions,"gps(47.64148237135814, -122.14036499084803) compass(-7.28908737646) speed(0.0) lane(0.0,0.0,0.0,0.0,0.0) obstacle(57.9494161606)",2021-07-13 14:37:32.262000
perceptions,"gps(47.64148237135814, -122.14036499084803) compass(-7.86243417379) speed(0.0) lane(0.0,0.0,0.0,0.0,0.0) obstacle(57.9494161606)",2021-07-13 14:37:32.300000
perceptions,"gps(47.64148237135814, -122.14036499084803) compass(-7.81543406291) speed(0.0) lane(0.0,0.0,0.0,0.0,0.0) obstacle(33.4796004295)",2021-07-13 14:37:32.366000
perceptions,"gps(47.64148237135814, -122.14036499084803) compass(-7.77162530868) speed(0.0) lane(0.0,0.0,0.0,0.0,0.0) obstacle(33.4796004295)",2021-07-13 14:37:32.441000
perceptions,"gps(47.64148237135814, -122.14036499084803) compass(-7.46935524097) speed(0.0) lane(0.0,0.0,0.0,0.0,0.0) obstacle(32.8376893997)",2021-07-13 14:37:32.512000
perceptions,"gps(47.64148237135814, -122.14036499084803) compass(-7.3822767935) speed(0.0) lane(0.0,0.0,0.0,0.0,0.0) obstacle(56.3913593292)",2021-07-13 14:37:32.582000
perceptions,"gps(47.64148237135814, -122.14036499084803) compass(-7.96824500485) speed(0.0) lane(0.0,0.0,0.0,0.0,0.0) obstacle(56.3913593292)",2021-07-13 14:37:32.655000
perceptions,"gps(47.64148237135814, -122.14036499084803) compass(-8.14842511836) speed(0.0) lane(0.0,0.0,0.0,0.0,0.0) obstacle(61.5229511261)",2021-07-13 14:37:32.727000
perceptions,"gps(47.64148237135814, -122.14036499084803) compass(-9.17303874032) speed(0.0) lane(0.0,0.0,0.0,0.0,0.0) obstacle(48.3757920265)",2021-07-13 14:37:32.808000
perceptions,"gps(47.64148237135814, -122.14036499084803) compass(-6.57011338215) speed(0.0) lane(0.0,0.0,0.0,0.0,0.0) obstacle(48.3757920265)",2021-07-13 14:37:32.872000
perceptions,"gps(47.64148237135814, -122.14036499084803) compass(-8.81837800856) speed(0.0) lane(0.0,0.0,0.0,0.0,0.0) obstacle(56.1882219315)",2021-07-13 14:37:32.946000
perceptions,"gps(47.64148237135814, -122.14036499084803) compass(-6.71142565667) speed(0.0) lane(0.0,0.0,0.0,0.0,0.0) obstacle(56.1882219315)",2021-07-13 14:37:33.021000
perceptions,"gps(47.64148237135814, -122.14036499084803) compass(-7.27029057365) speed(0.0) lane(0.0,0.0,0.0,0.0,0.0) obstacle(73.3199329376)",2021-07-13 14:37:33.083000
perceptions,"gps(47.64148237135814, -122.14036499084803) compass(-8.43877405402) speed(0.0) lane(0.0,0.0,0.0,0.0,0.0) obstacle(59.5780858994)",2021-07-13 14:37:33.159000
perceptions,"gps(47.64148237135814, -122.14036499084803) compass(-9.6431293106) speed(0.0) lane(0.0,0.0,0.0,0.0,0.0) obstacle(59.5780858994)",2021-07-13 14:37:33.225000
perceptions,"gps(47.64148237135814, -122.14036499084803) compass(-6.27023819039) speed(0.0) lane(0.0,0.0,0.0,0.0,0.0) obstacle(61.3025140762)",2021-07-13 14:37:33.300000
perceptions,"gps(47.64148237135814, -122.14036499084803) compass(-7.38424951163) speed(0.0) lane(0.0,0.0,0.0,0.0,0.0) obstacle(58.3748912811)",2021-07-13 14:37:33.380000
perceptions,"gps(47.64148237135814, -122.14036499084803) compass(-8.176254409) speed(0.0) lane(0.0,0.0,0.0,0.0,0.0) obstacle(58.3748912811)",2021-07-13 14:37:33.454000
perceptions,"gps(47.64148237135814, -122.14036499084803) compass(-8.56947229741) speed(0.0) lane(0.0,0.0,0.0,0.0,0.0) obstacle(55.3555135727)",2021-07-13 14:37:33.546000
perceptions,"gps(47.64148237135814, -122.14036499084803) compass(-7.1832777742) speed(0.0) lane(0.0,0.0,0.0,0.0,0.0) obstacle(72.3511838913)",2021-07-13 14:37:33.638000
perceptions,"gps(47.64148237135814, -122.14036499084803) compass(-7.13760241671) speed(0.0) lane(0.0,0.0,0.0,0.0,0.0) obstacle(55.6188526154)",2021-07-13 14:37:33.742000
perceptions,"gps(47.64148237135814, -122.14036499084803) compass(-5.05205070593) speed(0.0) lane(0.0,0.0,0.0,0.0,0.0) obstacle(57.0156316757)",2021-07-13 14:37:33.832000
perceptions,"gps(47.64148237135814, -122.14036499084803) compass(-7.66081862909) speed(0.0) lane(0.0,0.0,0.0,0.0,0.0) obstacle(57.0156316757)",2021-07-13 14:37:33.915000
perceptions,"gps(47.64148237135814, -122.14036499084803) compass(-8.11186158214) speed(0.0) lane(0.0,0.0,0.0,0.0,0.0) obstacle(55.8596687317)",2021-07-13 14:37:34.001000
perceptions,"gps(47.64148237135814, -122.14036499084803) compass(-9.12567137226) speed(0.0) lane(0.0,0.0,0.0,0.0,0.0) obstacle(56.258980751)",2021-07-13 14:37:34.087000
perceptions,"gps(47.64148237135814, -122.14036499084803) compass(-10.332044914) speed(0.0) lane(0.0,0.0,0.0,0.0,0.0) obstacle(56.258980751)",2021-07-13 14:37:34.169000
perceptions,"gps(47.64148237135814, -122.14036499084803) compass(-6.27751584694) speed(0.0) lane(0.0,0.0,0.0,0.0,0.0) obstacle(55.8465337753)",2021-07-13 14:37:34.244000
perceptions,"gps(47.64148237135814, -122.14036499084803) compass(-5.42167301553) speed(0.0) lane(0.0,0.0,0.0,0.0,0.0) obstacle(33.5087137222)",2021-07-13 14:37:34.331000
perceptions,"gps(47.64148237135814, -122.14036499084803) compass(-7.29611985429) speed(-9.1343819804e-05) lane(0.0,0.0,0.0,0.0,0.0) obstacle(56.3670139313)",2021-07-13 14:37:34.397000
perceptions,"gps(47.64148237135814, -122.14036499084803) compass(-7.66971527054) speed(-5.7149794884e-05) lane(0.0,0.0,0.0,0.0,0.0) obstacle(56.3670139313)",2021-07-13 14:37:34.474000
perceptions,"gps(47.64148237135814, -122.14036499084803) compass(-8.54521417447) speed(5.44844988326e-05) lane(0.0,0.0,0.0,0.0,0.0) obstacle(33.6154966354)",2021-07-13 14:37:34.549000
perceptions,"gps(47.64148237135814, -122.14036499084803) compass(-9.70134069024) speed(-7.05234633642e-05) lane(0.0,0.0,0.0,0.0,0.0) obstacle(63.5681791306)",2021-07-13 14:37:34.624000
perceptions,"gps(47.64148237127726, -122.14036499105961) compass(-6.18891576248) speed(-4.39677969553e-05) lane(0.0,0.0,0.0,0.0,0.0) obstacle(63.5681791306)",2021-07-13 14:37:34.699000
perceptions,"gps(47.64148237129096, -122.14036499123864) compass(-7.60955133956) speed(0.0) lane(0.0,0.0,0.0,0.0,0.0) obstacle(56.8274946213)",2021-07-13 14:37:34.768000
perceptions,"gps(47.64148237125807, -122.14036499132001) compass(-7.32846239882) speed(-8.90998489922e-05) lane(0.0,0.0,0.0,0.0,0.0) obstacle(66.453540802)",2021-07-13 14:37:34.843000
perceptions,"gps(47.6414823712992, -122.14036499135256) compass(-6.74736097767) speed(-7.80912887421e-05) lane(0.0,0.0,0.0,0.0,0.0) obstacle(66.453540802)",2021-07-13 14:37:34.922000
perceptions,"gps(47.6414823712896, -122.14036499133627) compass(-7.78116582429) speed(-3.49547153746e-05) lane(0.0,0.0,0.0,0.0,0.0) obstacle(60.7277393341)",2021-07-13 14:37:34.995000
perceptions,"gps(47.6414823713129, -122.14036499136884) compass(-8.20849920126) speed(-4.71261773782e-05) lane(0.0,0.0,0.0,0.0,0.0) obstacle(48.7025060654)",2021-07-13 14:37:35.070000
perceptions,"gps(47.641482371321125, -122.14036499136884) compass(-10.5092085336) speed(5.60684165976e-05) lane(0.0,0.0,0.0,0.0,0.0) obstacle(48.7025060654)",2021-07-13 14:37:35.142000
perceptions,"gps(47.641482371280006, -122.14036499133627) compass(-7.82613645936) speed(-8.1636957475e-05) lane(0.0,0.0,0.0,0.0,0.0) obstacle(57.9244241714)",2021-07-13 14:37:35.220000
perceptions,"gps(47.641482371310154, -122.1403649913851) compass(-8.78746981969) speed(-4.82175382785e-05) lane(0.0,0.0,0.0,0.0,0.0) obstacle(58.9849739075)",2021-07-13 14:37:35.295000
perceptions,"gps(47.6414823712896, -122.14036499136884) compass(-7.82738834512) speed(-8.01401183708e-05) lane(0.0,0.0,0.0,0.0,0.0) obstacle(58.9849739075)",2021-07-13 14:37:35.373000
perceptions,"gps(47.641482371310154, -122.1403649913851) compass(-6.89052200408) speed(5.19276218256e-05) lane(0.0,0.0,0.0,0.0,0.0) obstacle(58.8880491257)",2021-07-13 14:37:35.446000
perceptions,"gps(47.6414823712663, -122.14036499135256) compass(-8.62434623145) speed(-9.12073446671e-05) lane(0.0,0.0,0.0,0.0,0.0) obstacle(61.5772438049)",2021-07-13 14:37:35.525000
perceptions,"gps(47.64148237129645, -122.1403649913851) compass(-6.45433614821) speed(2.97523838526e-05) lane(0.0,0.0,0.0,0.0,0.0) obstacle(63.0182676315)",2021-07-13 14:37:35.596000
perceptions,"gps(47.64148237130879, -122.14036499140138) compass(-6.36531392944) speed(-1.57958420459e-05) lane(0.0,0.0,0.0,0.0,0.0) obstacle(63.0182676315)",2021-07-13 14:37:35.675000
perceptions,"gps(47.64148237128823, -122.1403649913851) compass(-7.34928056215) speed(-0.000126235419884) lane(0.0,0.0,0.0,0.0,0.0) obstacle(57.6911840439)",2021-07-13 14:37:35.753000
perceptions,"gps(47.64148237130194, -122.14036499140138) compass(-8.59556378216) speed(-4.13609232055e-05) lane(0.0,0.0,0.0,0.0,0.0) obstacle(57.6911840439)",2021-07-13 14:37:35.828000
perceptions,"gps(47.64148237127041, -122.14036499136884) compass(-6.46294547904) speed(-0.000118069430755) lane(0.0,0.0,0.0,0.0,0.0) obstacle(57.2066011429)",2021-07-13 14:37:35.906000
perceptions,"gps(47.641482371286855, -122.1403649913851) compass(-8.79974652258) speed(5.29857752554e-05) lane(0.0,0.0,0.0,0.0,0.0) obstacle(60.8911895752)",2021-07-13 14:37:35.981000
perceptions,"gps(47.64148237123202, -122.14036499135256) compass(-7.00299434065) speed(0.188046813011) lane(0.0,0.0,0.0,0.0,0.0) obstacle(48.5477972031)",2021-07-13 14:37:36.063000
perceptions,"gps(47.641482371269035, -122.14036499136884) compass(-8.43460494055) speed(0.477603137493) lane(0.0,0.0,0.0,0.0,0.0) obstacle(48.5477972031)",2021-07-13 14:37:36.149000
perceptions,"gps(47.64148237124984, -122.14036499136884) compass(-7.31812541597) speed(0.7187063694) lane(0.0,0.0,0.0,0.0,0.0) obstacle(33.0965671539)",2021-07-13 14:37:36.226000
perceptions,"gps(47.641482371267664, -122.1403649913851) compass(-8.42195092946) speed(0.963602662086) lane(0.0,0.0,0.0,0.0,0.0) obstacle(57.0577630997)",2021-07-13 14:37:36.300000
perceptions,"gps(47.64148244443397, -122.14036499197101) compass(-7.03644044922) speed(1.10427844524) lane(0.0,0.0,0.0,0.0,0.0) obstacle(57.0577630997)",2021-07-13 14:37:36.374000
perceptions,"gps(47.64148274614869, -122.14036499341951) compass(-7.68987243533) speed(1.41844415665) lane(0.0,0.0,0.0,0.0,0.0) obstacle(58.0890283585)",2021-07-13 14:37:36.452000
perceptions,"gps(47.64148320345245, -122.14036499486801) compass(-7.89326216372) speed(1.56931972504) lane(0.0,0.0,0.0,0.0,0.0) obstacle(35.5986123085)",2021-07-13 14:37:36.520000
perceptions,"gps(47.64148381376151, -122.14036499683733) compass(-7.27966326016) speed(1.8692817688) lane(0.0,0.0,0.0,0.0,0.0) obstacle(35.5986123085)",2021-07-13 14:37:36.591000
perceptions,"gps(47.64148455174791, -122.14036499756973) compass(-8.97439516569) speed(2.09950399399) lane(0.616875,0.0,0.0,0.30000000000000054,84.99999999999967) obstacle(57.8723402023)",2021-07-13 14:37:36.667000
perceptions,"gps(47.64148540494589, -122.1403649972605) compass(-6.15777287758) speed(2.23093724251) lane(0.616875,0.0,0.0,0.0,0.0) obstacle(73.1776809692)",2021-07-13 14:37:36.741000
perceptions,"gps(47.641486473152234, -122.14036499682105) compass(-7.27343685509) speed(2.45786070824) lane(0.6575937500000005,0.0,0.0,0.30508474576271183,83.27118644067795) obstacle(59.5092334747)",2021-07-13 14:37:36.821000
perceptions,"gps(47.641487614811574, -122.14036499628396) compass(-6.60132711696) speed(2.75394892693) lane(0.6684781249999994,0.0,0.0,0.30303030303030287,84.09090909090926) obstacle(59.5092334747)",2021-07-13 14:37:36.895000
perceptions,"gps(47.64148893331708, -122.14036499558415) compass(-7.05739221834) speed(2.96265077591) lane(0.6837228124999996,0.0,0.0,0.3000000000000008,84.9999999999995) obstacle(58.7689876556)",2021-07-13 14:37:36.973000
perceptions,"gps(47.6414904974982, -122.14036499454252) compass(-10.4875102411) speed(3.09354758263) lane(0.6684155504807697,0.0,0.0,0.3046874999999996,83.2109375000002) obstacle(58.7689876556)",2021-07-13 14:37:37.040000
perceptions,"gps(47.641492222499146, -122.14036499348462) compass(-7.47935277685) speed(3.38522076607) lane(0.6725891512019231,0.0,0.0,0.3005780346820809,85.4682080924856) obstacle(60.4601144791)",2021-07-13 14:37:37.113000
perceptions,"gps(47.64149401425899, -122.14036499239418) compass(-8.64758946888) speed(3.51618909836) lane(0.6380035470457431,0.0,0.0,0.3047296024119087,85.45081967213116) obstacle(61.8286523819)",2021-07-13 14:37:37.186000
perceptions,"gps(47.641496031706495, -122.14036499123864) compass(-8.51842563648) speed(3.7978618145) lane(0.6336974741607815,0.0,0.0,0.3039972899728996,85.99065040650414) obstacle(61.8286523819)",2021-07-13 14:37:37.262000
perceptions,"gps(47.6414972831478, -122.14036499047369) compass(-7.9929433179) speed(4.01023054123) lane(0.6298261895829899,0.0,0.0,0.306003584229391,84.95878136200687) obstacle(69.1322793961)",2021-07-13 14:37:37.330000
perceptions,"gps(47.64150013732159, -122.14036498889499) compass(-6.72702368376) speed(4.20852947235) lane(0.6245137043113022,0.0,0.0,0.30488327264938947,86.064681944742) obstacle(69.1322793961)",2021-07-13 14:37:37.405000
perceptions,"gps(47.641502455466984, -122.1403649877069) compass(-7.97625878546) speed(4.41291809082) lane(0.6223296242498499,0.0,0.0,0.3124301107304241,81.32458562987206) obstacle(59.4098424911)",2021-07-13 14:37:37.478000
perceptions,"gps(47.641504824532205, -122.14036498689315) compass(-6.74636819637) speed(4.55042028427) lane(0.6152949065431259,0.0,0.0,0.31434851415509085,80.63129945489693) obstacle(58.6641454697)",2021-07-13 14:37:37.558000
perceptions,"gps(47.6415073940491, -122.14036498598172) compass(-7.77284532854) speed(4.79437685013) lane(0.6145889786061195,0.0,0.0,0.31439393939393934,80.6022727272728) obstacle(60.2468290329)",2021-07-13 14:37:37.631000
perceptions,"gps(47.641510107312, -122.1403649845983) compass(-8.13912886047) speed(4.96836614609) lane(0.6469833911038558,0.0,0.0,0.3070539419087138,82.79253112033182) obstacle(60.2468290329)",2021-07-13 14:37:37.709000
perceptions,"gps(47.64151186672198, -122.14036498233604) compass(-7.55909989947) speed(5.15008306503) lane(0.6245956874322451,0.0,0.0,0.3067986798679868,84.9556435643564) obstacle(61.7355651855)",2021-07-13 14:37:37.781000
perceptions,"gps(47.64151632969748, -122.14036497537022) compass(-8.03840973439) speed(5.07348537445) lane(0.6444252377573096,0.0,0.0,0.30472103004291806,84.58798283261825) obstacle(59.8863430023)",2021-07-13 14:37:37.862000
perceptions,"gps(47.641519441461796, -122.14036497053644) compass(-5.82644008172) speed(4.70286226273) lane(0.5445004523269887,0.0,0.0,0.3267811000369136,78.69195275009245) obstacle(59.8863430023)",2021-07-13 14:37:37.935000
perceptions,"gps(47.64152264965281, -122.14036496607702) compass(-3.17415530343) speed(4.43545866013) lane(0.5279491123968783,0.0,0.0,0.3236714975845409,81.17391304347834) obstacle(61.1567983627)",2021-07-13 14:37:38.012000
perceptions,"gps(47.641526144208946, -122.14036494356826) compass(-3.65258082937) speed(4.358086586) lane(0.46657150809681763,0.0,0.0,0.327332255684082,83.8577033516166) obstacle(53.5696725845)",2021-07-13 14:37:38.092000
perceptions,"gps(47.641529662491514, -122.14036469952008) compass(0.900065031618) speed(4.20872402191) lane(0.33620111330735747,0.0,0.0,0.34427264793959866,84.42110232777041) obstacle(53.5696725845)",2021-07-13 14:37:38.170000
perceptions,"gps(47.641531685233915, -122.14036442108213) compass(3.30858329325) speed(4.0764336586) lane(0.25798398970456743,0.0,0.0,0.35001160005987125,86.90719284220742) obstacle(50.0733308792)",2021-07-13 14:37:38.226000
perceptions,"gps(47.64153591115029, -122.14036340636552) compass(6.07500647575) speed(3.96891784668) lane(0.18232644391424901,0.0,0.0,0.39828317146889114,66.7445928450938) obstacle(50.0733308792)",2021-07-13 14:37:38.304000
perceptions,"gps(47.64153889630307, -122.14036235546901) compass(7.81008007968) speed(3.85217666626) lane(0.00806418240405285,0.0,0.0,0.39668722103501053,84.40457175330792) obstacle(28.2701115608)",2021-07-13 14:37:38.378000
perceptions,"gps(47.64154157211011, -122.14036122112881) compass(13.1754081263) speed(3.7363524437) lane(0.025178827197809145,0.0,0.0,0.43305713343950814,62.41072513820067) obstacle(28.2701115608)",2021-07-13 14:37:38.456000
perceptions,"gps(47.641544052764395, -122.14035998942934) compass(12.9393979361) speed(3.60534906387) lane(-0.0844842729565486,0.0,0.0,0.5015850239408519,41.71444595172841) obstacle(37.7712957859)",2021-07-13 14:37:38.531000
perceptions,"gps(47.64154561871518, -122.14035911928617) compass(13.7296900668) speed(3.43373656273) lane(-0.2415352674410823,0.0,0.0,0.5466051841243584,40.35002174182261) obstacle(29.6792345047)",2021-07-13 14:37:38.599000
perceptions,"gps(47.64154895836709, -122.14035699534176) compass(16.714636816) speed(3.25727939606) lane(-0.3615513729987725,0.0,0.0,0.49463671976551576,76.5101355661297) obstacle(15.2373819351)",2021-07-13 14:37:38.682000
perceptions,"gps(47.641551081369414, -122.1403554741852) compass(17.9241264237) speed(3.15669560432) lane(-0.3452103428545725,0.0,0.0,0.5566463058066524,46.6348578959149) obstacle(15.2373819351)",2021-07-13 14:37:38.752000
perceptions,"gps(47.641554054432426, -122.14035306190719) compass(23.0111099675) speed(2.93726611137) lane(-0.5469986258964232,0.0,0.0,0.589966306210552,62.97427947720847) obstacle(17.9797329903)",2021-07-13 14:37:38.838000
perceptions,"gps(47.641555354523355, -122.14035189939453) compass(24.9527596866) speed(2.85334944725) lane(-1.047926030036857,0.0,0.0,0.9112497900137072,54.489537090857915) obstacle(16.1657445431)",2021-07-13 14:37:38.915000
perceptions,"gps(47.641557717584206, -122.14034959008883) compass(23.5530867984) speed(2.59353971481) lane(-0.7727059436557538,0.0,0.0,0.715398453620565,44.46609089176294) obstacle(16.1657445431)",2021-07-13 14:37:38.993000
perceptions,"gps(47.641559453498736, -122.14034772182862) compass(27.9343443911) speed(2.50830507278) lane(-0.7025896092250411,0.0,0.0,0.6350152994213518,64.38269170808171) obstacle(21.6049337387)",2021-07-13 14:37:39.071000
perceptions,"gps(47.64156111668039, -122.14034577904364) compass(28.4916614768) speed(2.39249420166) lane(-0.20895303451564445,0.0,0.0,0.3135690511826895,136.2218279922636) obstacle(13.8517780304)",2021-07-13 14:37:39.163000
perceptions,"gps(47.641562574104874, -122.14034393876162) compass(29.3546400138) speed(2.35547161102) lane(0.051044133345953605,0.0,0.0,0.3426723530626447,104.28116440649055) obstacle(13.8517780304)",2021-07-13 14:37:39.235000
perceptions,"gps(47.64156395963027, -122.14034204306185) compass(33.1141292926) speed(2.34552907944) lane(-0.21069543440674685,0.0,0.0,0.3641871655260891,119.68278022304116) obstacle(12.9311412573)",2021-07-13 14:37:39.315000
perceptions,"gps(47.64156520308366, -122.1403402159786) compass(36.1635055) speed(2.28935480118) lane(0.040636869275361365,-0.3355855855855867,341.3333333333337,0.3936426490829679,83.99912283391942) obstacle(15.2506734133)",2021-07-13 14:37:39.396000
perceptions,"gps(47.64156638916368, -122.14033835110179) compass(37.6763099745) speed(2.2381644249) lane(0.04834929592175202,0.0,0.0,0.36287796757752766,96.30002600933108) obstacle(15.2506734133)",2021-07-13 14:37:39.475000
perceptions,"gps(47.64156747176585, -122.1403365527122) compass(34.3566560827) speed(2.17119193077) lane(-0.23722942035931904,-0.31578947368421006,302.2631578947367,0.37932252952266154,107.141196126751) obstacle(17.8419547081)",2021-07-13 14:37:39.546000
perceptions,"gps(47.64156869655719, -122.14033466127559) compass(31.322512161) speed(2.14010882378) lane(-0.17545281096867832,-0.35474261704499643,336.3314649041412,0.3345818503440749,146.37262661048183) obstacle(18.168815136)",2021-07-13 14:37:39.618000
perceptions,"gps(47.64157030395464, -122.14033274941323) compass(29.6316635184) speed(2.14338350296) lane(-0.0630691657102121,-0.34563604492447886,350.8929992020047,0.3491028519279548,135.94705195167003) obstacle(18.168815136)",2021-07-13 14:37:39.696000
perceptions,"gps(47.641571195768485, -122.14033183464223) compass(28.0741472581) speed(2.15501666069) lane(-0.05238245524382388,-0.41458208743124647,342.58408814214386,0.3681417392458249,110.81043906479506) obstacle(19.0598573685)",2021-07-13 14:37:39.772000
perceptions,"gps(47.64157211460799, -122.14033098959464) compass(27.9237987949) speed(2.14190196991) lane(-0.13389304665351331,-0.5560642194684752,344.66397474865573,0.4150133745985494,92.71479341216883) obstacle(20.4157152176)",2021-07-13 14:37:39.837000
perceptions,"gps(47.64157425703404, -122.14032939845303) compass(25.5058889696) speed(2.12977743149) lane(0.056119425412479614,-0.4117944773750953,362.2679715160917,0.39461549688834796,93.27178433530739) obstacle(20.4157152176)",2021-07-13 14:37:39.913000
perceptions,"gps(47.64157564091804, -122.14032854560803) compass(22.4487271554) speed(2.13076901436) lane(-0.06105413707570767,-0.6963721335173135,364.4096113410867,0.39996311074220003,88.99158313436418) obstacle(21.8178868294)",2021-07-13 14:37:40
perceptions,"gps(47.64157655743874, -122.14032802440919) compass(21.7730191032) speed(2.13113951683) lane(0.05337739529167242,-0.5041759891809818,372.20040840607595,0.4103233163005449,83.18666814752832) obstacle(22.9598679543)",2021-07-13 14:37:40.070000
perceptions,"gps(47.64157791743024, -122.14032730947883) compass(20.9453039266) speed(2.1347014904) lane(0.052796954069201464,-1.2696629213483142,474.75280898876406,0.39640372146362796,77.06416573152312) obstacle(22.9598679543)",2021-07-13 14:37:40.136000
perceptions,"gps(47.64157928536858, -122.14032666077705) compass(20.4825196031) speed(2.13770508766) lane(0.07240406579028423,-0.9766476388168123,424.4504411001552,0.3738913508258512,84.69613843820989) obstacle(25.1656913757)",2021-07-13 14:37:40.201000
perceptions,"gps(47.641580703111266, -122.14032606352191) compass(16.1057838198) speed(2.14292788506) lane(0.4168272438786107,-0.32604084451460125,389.53635556432505,0.3889025499966927,74.84235755892662) obstacle(25.1656913757)",2021-07-13 14:37:40.275000
perceptions,"gps(47.64158175801715, -122.1403256663209) compass(14.8444008492) speed(2.14221405983) lane(0.5318981060625788,-0.3692307692307701,416.84615384615415,0.3972711085696526,71.55323499939139) obstacle(26.7950973511)",2021-07-13 14:37:40.343000
perceptions,"gps(47.64158360454868, -122.14032506265087) compass(14.4978396922) speed(2.02193927765) lane(0.23517983271353526,0.0,0.0,0.377055926184752,75.82446979356143) obstacle(63.9922866821)",2021-07-13 14:37:40.412000
perceptions,"gps(47.641584587080025, -122.14032478968235) compass(13.3606344433) speed(1.98831355572) lane(0.15193639982198676,-3.7560975609756113,1000.3170731707318,0.3872228920512849,77.4878955269134) obstacle(63.9922866821)",2021-07-13 14:37:40.482000
perceptions,"gps(47.64158639353236, -122.14032437164923) compass(13.5378540208) speed(2.04054689407) lane(0.18967768063461593,0.0,0.0,0.3817688001298672,73.96449851458506) obstacle(61.5443534851)",2021-07-13 14:37:40.549000
perceptions,"gps(47.641587827657304, -122.1403241163384) compass(13.0309881194) speed(2.06986069679) lane(0.2312475559887729,-2.9423076923076934,873.9038461538464,0.38822986230264017,61.74122674301657) obstacle(61.5443534851)",2021-07-13 14:37:40.617000
perceptions,"gps(47.64158828209737, -122.14032404941332) compass(9.10668080924) speed(2.08438777924) lane(0.27789026812758644,0.0,0.0,0.3669773573382861,74.57565915973936) obstacle(60.4681987762)",2021-07-13 14:37:40.669000
perceptions,"gps(47.64158954722249, -122.1403240176394) compass(10.0878599688) speed(2.11014604568) lane(0.2874883208847851,-4.388888888888892,1289.444444444445,0.4058324254645092,54.516963236920674) obstacle(60.4681987762)",2021-07-13 14:37:40.735000
perceptions,"gps(47.64159133424433, -122.14032394921962) compass(6.94679081028) speed(2.23988485336) lane(0.32078282188001056,-5.749999999999996,1687.2499999999982,0.3947251156482946,63.05806827617222) obstacle(66.2328605652)",2021-07-13 14:37:40.812000
perceptions,"gps(47.641592207904516, -122.14032392577957) compass(7.39871407493) speed(2.31744527817) lane(0.36260852253151027,-6.333333333333317,1866.333333333329,0.3687639596779463,74.25357732342141) obstacle(66.2328605652)",2021-07-13 14:37:40.875000
perceptions,"gps(47.641593540766394, -122.14032393253626) compass(7.4956378657) speed(2.44908022881) lane(0.3702724862731044,-38.12068965517444,10286.500000000538,0.39263034495778404,62.27086053032514) obstacle(60.5412187576)",2021-07-13 14:37:40.941000
perceptions,"gps(47.64159496250224, -122.1403239740193) compass(7.13365097265) speed(2.60640478134) lane(0.3175820147629555,-4.090909090909092,1253.909090909091,0.3926933871213858,64.34181345036072) obstacle(67.5842933655)",2021-07-13 14:37:41.010000
perceptions,"gps(47.64159586578056, -122.14032393764381) compass(8.88057980816) speed(2.71514892578) lane(0.28833697009313564,-3.511111111111112,1092.8222222222223,0.40591684254378724,58.32259359354389) obstacle(67.5842933655)",2021-07-13 14:37:41.055000
perceptions,"gps(47.641597743298206, -122.14032359317694) compass(9.0266433759) speed(2.94310545921) lane(0.23542334155478692,-2.7719298245614032,891.210526315789,0.4171448653747189,59.352550557308625) obstacle(66.4886188507)",2021-07-13 14:37:41.133000
perceptions,"gps(47.64159919649542, -122.14032313601386) compass(9.49924851177) speed(3.06090450287) lane(0.2516815441723859,-3.7142857142857126,1121.1428571428569,0.4304819981828168,46.23987209504252) obstacle(66.4886188507)",2021-07-13 14:37:41.196000
perceptions,"gps(47.64160072886101, -122.14032259751626) compass(11.2203851183) speed(3.30146074295) lane(0.5447383195740416,-0.320610687022901,417.0916030534352,0.46973340226107274,38.299819721667355) obstacle(58.4479169846)",2021-07-13 14:37:41.265000
perceptions,"gps(47.641602350908265, -122.1403220010026) compass(12.0423641492) speed(3.42125749588) lane(0.6080114507494581,-0.3367346938775514,421.2857142857145,0.4143413816716392,63.52409720556703) obstacle(58.4479169846)",2021-07-13 14:37:41.330000
perceptions,"gps(47.64160406624579, -122.14032134383842) compass(11.8376326008) speed(3.66643857956) lane(0.18590884539526792,-1.5806471764117935,559.69940029985,0.4230053115355972,53.072104423326834) obstacle(60.4388656616)",2021-07-13 14:37:41.409000
perceptions,"gps(47.641605262565704, -122.14032087022585) compass(12.7459149175) speed(3.84952664375) lane(0.0919683024660883,-1.0084059022738272,463.683236574746,0.49289666990171926,36.74153395605513) obstacle(60.2788791656)",2021-07-13 14:37:41.480000
perceptions,"gps(47.641607158829814, -122.14032009465613) compass(13.8549723657) speed(4.03491544724) lane(0.03287212123685472,-0.9639523606945082,433.39110900005755,0.4904173407142407,37.827681858702064) obstacle(60.2788791656)",2021-07-13 14:37:41.545000
perceptions,"gps(47.64160913794912, -122.14031925364068) compass(13.8488858916) speed(4.16408491135) lane(0.05176824667822474,-0.5443874839688461,380.15988246983494,0.5014256464780519,40.00188953969413) obstacle(60.0642185211)",2021-07-13 14:37:41.616000
perceptions,"gps(47.64161196714208, -122.1403179963375) compass(12.8897740754) speed(4.36076211929) lane(-0.014718350357579036,-0.5202265986170033,365.5087073159444,0.5674744801387868,14.873113799541706) obstacle(59.7468175888)",2021-07-13 14:37:41.697000
perceptions,"gps(47.64161492251983, -122.14031661525831) compass(15.2948692361) speed(4.58377933502) lane(0.0013282862439900182,-0.41733687623669785,356.22003546807684,0.4942991662579344,49.85189125535708) obstacle(59.7468175888)",2021-07-13 14:37:41.776000
perceptions,"gps(47.64161571081685, -122.14031623529223) compass(13.9336583986) speed(4.70622014999) lane(-0.22749843782369258,-0.5522990203966545,349.6435334109874,0.6004305808301041,39.81956995971543) obstacle(57.493973732)",2021-07-13 14:37:41.832000
perceptions,"gps(47.641619908306254, -122.14031421885906) compass(14.2902430374) speed(4.93100786209) lane(0.10780250548893548,-0.37872394732229736,358.24886116279407,0.4319342214956772,61.378980964346475) obstacle(55.1504192352)",2021-07-13 14:37:41.912000
perceptions,"gps(47.64162160922213, -122.14031333232303) compass(16.3980855031) speed(5.04108381271) lane(-0.009267354487902583,-0.3873672014985777,358.88239366319226,0.6358786401699789,-4.220823022122241) obstacle(55.1504192352)",2021-07-13 14:37:41.973000
perceptions,"gps(47.64162427015107, -122.14031187009282) compass(15.4522101357) speed(5.00205087662) lane(0.01495638468563471,-0.4333948202914475,353.85006023540626,0.47987505726337876,49.12822871633099) obstacle(38.7857432365)",2021-07-13 14:37:42.037000
perceptions,"gps(47.641627032759956, -122.14031029634522) compass(16.9010673687) speed(5.09017038345) lane(-0.05295389606459894,-0.3103448275862079,355.5517241379315,0.577454957103198,40.40008032168841) obstacle(38.7857432365)",2021-07-13 14:37:42.116000
perceptions,"gps(47.641629748639005, -122.14030869858291) compass(15.8567586808) speed(5.34118270874) lane(0.059165779383082734,-0.37929872714449325,341.0847878110491,0.0,0.0) obstacle(33.3317759037)",2021-07-13 14:37:42.187000
perceptions,"gps(47.64163254014292, -122.14030700066762) compass(16.8885491921) speed(5.09889745712) lane(-0.2378644323645034,-0.3608247422680406,342.24742268041206,0.5749658690859243,66.48836486772909) obstacle(33.3317759037)",2021-07-13 14:37:42.259000
perceptions,"gps(47.64163451552302, -122.14030575921923) compass(17.6192562029) speed(5.27742862701) lane(0.033222231065865554,-0.34113457159703386,334.58039323119584,0.0,0.0) obstacle(21.5712461472)",2021-07-13 14:37:42.307000
perceptions,"gps(47.641637248767694, -122.14030409864527) compass(14.8915542331) speed(4.21294212341) lane(-0.0038985998868554033,-0.41259601760012,330.4716981132076,1.0329670329670306,-246.1538461538445) obstacle(21.5712461472)",2021-07-13 14:37:42.371000
perceptions,"gps(47.64164033707807, -122.140302042835) compass(15.7596488466) speed(2.97747945786) lane(0.14494607751131547,-0.390243902439024,350.7804878048781,0.0,0.0) obstacle(20.81975317)",2021-07-13 14:37:42.447000
perceptions,"gps(47.64164345898637, -122.1402998625864) compass(18.2933621496) speed(2.09951710701) lane(0.45286960775113083,-0.3000000000000006,357.4000000000001,0.0,0.0) obstacle(50.9587254524)",2021-07-13 14:37:42.517000
perceptions,"gps(47.64164747191373, -122.14029711551791) compass(29.91798709) speed(1.77531731129) lane(-0.07612188280107939,-0.488667180252236,358.00850458734993,0.3214285714285711,154.5000000000002) obstacle(50.9587254524)",2021-07-13 14:37:42.615000
perceptions,"gps(47.641650704973465, -122.14029566717791) compass(28.9550120551) speed(1.50577700138) lane(0.20566925299065825,-0.5071442648797794,379.87869530942055,0.0,0.0) obstacle(48.7712278366)",2021-07-13 14:37:42.701000
perceptions,"gps(47.64165185689538, -122.14029517191835) compass(34.3715902859) speed(1.43245565891) lane(0.39237935969757226,-0.5306002475247524,405.72899133663356,0.0,0.0) obstacle(-1.0)",2021-07-13 14:37:42.773000
perceptions,"gps(47.64165395616738, -122.1402939464158) compass(27.9148676811) speed(1.3552570343) lane(0.413728930530086,-2.8506715506715454,944.9304029304017,0.0,0.0) obstacle(-1.0)",2021-07-13 14:37:42.829000
perceptions,"gps(47.64165552915318, -122.14029409173402) compass(25.1345276258) speed(1.29294312) lane(0.5868558562904149,-0.5935194643059816,446.4775280898882,0.0,0.0) obstacle(-1.0)",2021-07-13 14:37:42.901000
perceptions,"gps(47.6416568300192, -122.14029380119302) compass(16.1920226697) speed(1.26260828972) lane(0.11066218158565458,-2.851127214170699,968.0999194847042,0.5065086432687271,78.61173389209003) obstacle(-1.0)",2021-07-13 14:37:42.968000
perceptions,"gps(47.64165765424622, -122.14029356623242) compass(13.0567131543) speed(1.26358437538) lane(-0.02596141895614975,-0.6444444444444442,410.1999999999997,0.3488372093023262,146.74418604651115) obstacle(-1.0)",2021-07-13 14:37:43.018000
perceptions,"gps(47.6416587779897, -122.14029336869514) compass(7.90571381691) speed(1.31231665611) lane(-0.168290666239116,-0.6041225282485878,389.1463188559321,0.3521126760563378,160.67605633802845) obstacle(45.5303144455)",2021-07-13 14:37:43.085000
perceptions,"gps(47.64165957808976, -122.14029326989957) compass(5.39533389184) speed(1.52890574932) lane(0.005286478801455021,-0.42251830295544335,352.1635119394291,0.3534859625112891,113.59796252791176) obstacle(45.5303144455)",2021-07-13 14:37:43.161000
perceptions,"gps(47.64166026260943, -122.14029322548996) compass(2.49200632166) speed(1.95508646965) lane(-0.06319188646090718,-0.4466948146193437,301.73914764480804,0.39385198294936274,59.84218131478979) obstacle(54.4807977676)",2021-07-13 14:37:43.235000
perceptions,"gps(47.641660826480965, -122.14029323156535) compass(1.93952815179) speed(2.22323703766) lane(-0.18384047899144854,-0.4217334859175293,294.2481779823551,0.39096477873846736,78.5247759849032) obstacle(56.8431329727)",2021-07-13 14:37:43.285000
perceptions,"gps(47.641661283318165, -122.14029328461633) compass(-0.587248617714) speed(2.58669543266) lane(-0.22227254367073762,-0.42736588306208556,295.464135021097,0.5310582444415147,14.657135033670723) obstacle(56.8431329727)",2021-07-13 14:37:43.364000
perceptions,"gps(47.64166169540569, -122.14029330801168) compass(0.161359115689) speed(2.84939479828) lane(-0.08317672706545726,-0.40738467983907234,341.1786210253282,0.6043055914329157,-3.3287306381324577) obstacle(52.6447134018)",2021-07-13 14:37:43.423000
perceptions,"gps(47.64166235671023, -122.14029320934681) compass(0.136279490175) speed(3.02244782448) lane(-0.0769853633114344,-0.4210971059804535,317.0311651352299,0.46110769799453344,41.03666823573983) obstacle(52.6447134018)",2021-07-13 14:37:43.476000
perceptions,"gps(47.64166373028309, -122.14029304341777) compass(-2.68159889238) speed(3.27141141891) lane(-0.12897726978482524,-0.3700372881846647,327.3132579626232,0.6834170854271359,-37.30653266331666) obstacle(61.7148160934)",2021-07-13 14:37:43.530000
perceptions,"gps(47.64166419037712, -122.1402929948465) compass(-4.18235526701) speed(3.44044423103) lane(-0.14493005809334947,-0.4032007674864825,323.4789987789989,0.7520325203252031,-74.00406504065045) obstacle(61.7148160934)",2021-07-13 14:37:43.591000
perceptions,"gps(47.64166568987433, -122.14029285924494) compass(-4.58721773996) speed(3.69227862358) lane(-0.05827569507032415,-0.4143099789364618,338.7944844402204,0.5986111111111108,-9.254166666666464) obstacle(43.2296353579)",2021-07-13 14:37:43.651000
perceptions,"gps(47.641667354261266, -122.14029274473329) compass(-4.49070485373) speed(3.92999100685) lane(-0.18022356545310686,-0.3738961804113181,338.88739814003475,1.0000000000000004,-139.33333333333348) obstacle(77.0885639191)",2021-07-13 14:37:43.712000
perceptions,"gps(47.64166916567718, -122.1402926587847) compass(-6.48815091369) speed(4.16817378998) lane(-0.03780897485702153,-0.3686593019366778,341.689499825277,0.6778861788617883,-45.13658536585349) obstacle(77.0885639191)",2021-07-13 14:37:43.787000
perceptions,"gps(47.64167112377031, -122.14029260838416) compass(-7.94417931499) speed(4.24359369278) lane(-0.02684572280652367,-0.35660073604770154,358.5294746423602,0.8610526315789473,-101.89684210526318) obstacle(59.3799276352)",2021-07-13 14:37:43.850000
perceptions,"gps(47.64167322950473, -122.14029260065189) compass(-9.11594855314) speed(4.24000597) lane(-0.10552051556672824,-0.4078754764279169,347.6688816813085,0.9999999999999996,-158.9999999999998) obstacle(59.3799276352)",2021-07-13 14:37:43.922000
perceptions,"gps(47.64167558811698, -122.1402926473534) compass(-11.5407471099) speed(4.27322673798) lane(0.07421926900892768,-0.4569477530888686,349.94347843461674,0.5381586780359839,-6.214731282293248) obstacle(35.0308878422)",2021-07-13 14:37:43.985000
perceptions,"gps(47.64167797658843, -122.14029275172771) compass(-10.2814244434) speed(4.42720365524) lane(0.1515514642722592,-0.4612698855246066,356.67103099682026,0.5174789962898867,-3.7601017170587028) obstacle(35.0308878422)",2021-07-13 14:37:44.046000
perceptions,"gps(47.64167880265251, -122.14029280114798) compass(-11.4648395715) speed(4.58635902405) lane(0.15206261684744915,-0.4164011436097783,365.49566930872743,0.567817603665965,-11.401779401789526) obstacle(37.9544644356)",2021-07-13 14:37:44.096000
perceptions,"gps(47.64168140222247, -122.14029299515148) compass(-13.3293567635) speed(4.69321870804) lane(0.1728442144080226,-0.5418965189049362,376.3346554683247,0.5317060375251225,-8.271030679047943) obstacle(37.9544644356)",2021-07-13 14:37:44.140000
perceptions,"gps(47.64168309469696, -122.140293156199) compass(-12.1918766178) speed(4.79891777039) lane(0.2274621333000045,-0.5630405508426483,377.75016752935124,0.417777123941744,41.83360075879154) obstacle(21.077808857)",2021-07-13 14:37:44.182000
perceptions,"gps(47.64168571229713, -122.14029346855483) compass(-14.0817349027) speed(4.95482969284) lane(0.29962063447998566,-0.4382172538649221,379.67505344779937,0.4885611063494508,8.22649436739438) obstacle(21.077808857)",2021-07-13 14:37:44.245000
perceptions,"gps(47.64168829510075, -122.14029385422114) compass(-13.8138448294) speed(5.11665010452) lane(0.33579941074147884,-0.49599884792463933,396.425929841921,0.5070771671500459,-4.51317518157716) obstacle(44.8262858391)",2021-07-13 14:37:44.318000
perceptions,"gps(47.64169006192359, -122.14029415893589) compass(-14.7807992172) speed(5.22620534897) lane(0.3546037588509537,-0.6837482825521096,427.3654221642258,0.47074969347533113,3.8463745647011924) obstacle(44.8262858391)",2021-07-13 14:37:44.377000
perceptions,"gps(47.64169277858539, -122.14029469048809) compass(-16.9539274498) speed(5.34310150146) lane(0.2595812875072271,-0.7674269005847952,460.39426900584795,0.46679012345679,42.39987654320998) obstacle(45.4555625916)",2021-07-13 14:37:44.446000
perceptions,"gps(47.641695573660066, -122.14029531744143) compass(-19.559964523) speed(5.56759929657) lane(0.2648194631887667,-0.8103962215181245,486.64058681591433,0.7891189456673166,-119.49205337387703) obstacle(25.6111063957)",2021-07-13 14:37:44.510000
perceptions,"gps(47.641698442952766, -122.14029604546602) compass(-17.0563524528) speed(5.53307437897) lane(0.2561778450313009,-0.8523296110897198,504.34751636503694,0.8584768372544258,-143.64419112296827) obstacle(25.6111063957)",2021-07-13 14:37:44.565000
perceptions,"gps(47.64170039633029, -122.1402965971428) compass(-16.9134612477) speed(5.324031353) lane(0.3367505818194302,-0.9136823400765439,523.5250820120282,0.6509723620503138,-65.20573793923346) obstacle(23.7278585434)",2021-07-13 14:37:44.610000
perceptions,"gps(47.64170138543432, -122.14029689140789) compass(-19.0804190317) speed(5.10468149185) lane(0.45560854557953995,-0.6176351222394979,465.54415543665584,0.562445619360067,-30.2890713017945) obstacle(23.7278585434)",2021-07-13 14:37:44.657000
perceptions,"gps(47.64170468528781, -122.14029795177484) compass(-14.4958133912) speed(4.8952460289) lane(0.3837362174776113,-0.8893342391304353,505.656589673913,0.5317791619498853,-15.708557403107037) obstacle(23.7278585434)",2021-07-13 14:37:44.699000
perceptions,"gps(47.64170805661045, -122.1402990427112) compass(-14.4301919368) speed(4.78593254089) lane(0.3615754633705247,-0.8565217391304356,485.5391304347827,0.5106374839147262,-7.5287358312932815) obstacle(40.0290222168)",2021-07-13 14:37:44.767000
perceptions,"gps(47.64171126417661, -122.14029988543372) compass(-14.5060297858) speed(4.75312995911) lane(0.4133567289422812,-0.44194990886332564,414.02307970110206,0.5701528673281566,-27.20422275557979) obstacle(40.0290222168)",2021-07-13 14:37:44.810000
perceptions,"gps(47.64171336760539, -122.14030030889232) compass(-10.4748092966) speed(4.70497655869) lane(0.3682876220176028,-0.6617571339085717,447.2310235244345,0.5315268429602076,-12.53100858236285) obstacle(43.2525477409)",2021-07-13 14:37:44.857000
perceptions,"gps(47.64171637634481, -122.14030071888266) compass(-11.4469067382) speed(4.64437294006) lane(0.29153719518006105,-0.7968599033816433,451.6734299516911,0.5012327802102335,2.7906921030971934) obstacle(25.6636090279)",2021-07-13 14:37:44.924000
perceptions,"gps(47.64171920332373, -122.14030096853872) compass(-9.39065594393) speed(4.56004667282) lane(0.257976588586635,-0.5631683526605814,407.09581281355395,0.5420759184878329,-7.2335664957918535) obstacle(25.6636090279)",2021-07-13 14:37:44.982000
perceptions,"gps(47.64171920332373, -122.14030096853872) compass(-9.76012063864) speed(4.43736505508) lane(0.14631367758115382,-0.6851493490879678,404.9920133858752,0.5716847748218704,-16.444958181926626) obstacle(25.6636090279)",2021-07-13 14:37:45.032000
perceptions,"gps(47.641722887254964, -122.14030113465489) compass(-9.45714910726) speed(4.36828613281) lane(0.1667282919744481,-0.7033192587379777,408.0755532097896,0.5047809174944015,10.2439602809151) obstacle(33.2839245796)",2021-07-13 14:37:45.082000
perceptions,"gps(47.64172561363499, -122.14030114691509) compass(-6.88237283885) speed(3.00435090065) lane(0.20493564247753931,-0.4825619572410576,375.855718652177,0.49014058677716543,16.63754823427862) obstacle(24.37368083)",2021-07-13 14:37:45.151000
perceptions,"gps(47.64172829780571, -122.14030106722551) compass(-4.44357062587) speed(1.62502539158) lane(0.13876024109744667,-0.5402019063045587,376.8334420825404,0.5251359344107093,6.688837130403198) obstacle(24.37368083)",2021-07-13 14:37:45.219000
perceptions,"gps(47.641730928876065, -122.14030089981577) compass(-0.132525817948) speed(0.825769007206) lane(0.14558204925908652,-0.41859892537524496,367.3528550633469,0.5216302410645661,16.141536114990075) obstacle(68.3778953552)",2021-07-13 14:37:45.284000
perceptions,"gps(47.64173359470387, -122.14030063353886) compass(-0.625634746436) speed(0.28222900629) lane(0.12437425111862457,-0.4452952540083845,349.9074400532061,0.4345671505737937,46.09585401983744) obstacle(68.3778953552)",2021-07-13 14:37:45.356000
perceptions,"gps(47.64173665307799, -122.1403005808556) compass(-0.494665297253) speed(0.0557860173285) lane(0.1435237339435716,-0.448192305686319,351.8273462079132,0.4477544832141983,35.38969696685738) obstacle(69.7198009491)",2021-07-13 14:37:45.423000
perceptions,"gps(47.64173774426579, -122.14030064989157) compass(1.35496411475) speed(0.0431097373366) lane(0.1277681743358274,-0.41167710827290593,345.7073836839127,0.4201734797200112,53.70064953426061) obstacle(46.6551060677)",2021-07-13 14:37:45.483000
perceptions,"gps(47.641738622218725, -122.1403009094934) compass(0.843548050072) speed(0.0406158640981) lane(0.06197119948374781,-0.48384968653478405,348.4177834128339,0.49690507509805487,19.67892079722846) obstacle(46.6551060677)",2021-07-13 14:37:45.548000
perceptions,"gps(47.641738880164276, -122.14030095731454) compass(-0.635554037689) speed(0.0419747307897) lane(0.23490669255433225,-0.3976183511233578,342.8154347748472,0.42344497607655496,26.24880382775121) obstacle(57.0792446136)",2021-07-13 14:37:45.620000
perceptions,"gps(47.64173891335849, -122.14030097307293) compass(1.2263966767) speed(0.0466801263392) lane(0.10621314344700536,-0.42921871138258716,344.135051253753,0.43748556094603624,46.80296135357436) obstacle(57.0792446136)",2021-07-13 14:37:45.671000
perceptions,"gps(47.64173895955422, -122.14030102843516) compass(1.84953244944) speed(0.0504504181445) lane(0.15355719995579978,-0.4543879220811017,343.3680480753417,0.38116420235916826,62.74133264135528) obstacle(45.826158762)",2021-07-13 14:37:45.732000
perceptions,"gps(47.641738992383694, -122.14030110037274) compass(1.09149305416) speed(0.0543578527868) lane(0.09977254811157586,-0.4350423708880093,349.55885318005954,0.4644506318479329,36.38043748086477) obstacle(60.7710065842)",2021-07-13 14:37:45.806000
perceptions,"gps(47.64173900851182, -122.14030113379411) compass(1.21672049685) speed(0.0565423369408) lane(0.17597124979907783,-0.4029791547757233,348.2735550433333,0.3991707644746285,58.62237986992308) obstacle(60.7710065842)",2021-07-13 14:37:45.860000
perceptions,"gps(47.6417390500958, -122.1403012001534) compass(1.61829393403) speed(0.0567231029272) lane(0.05526282962517193,-0.4352932442064133,349.17651911884695,0.5148945692134169,20.46398589946996) obstacle(66.144408226)",2021-07-13 14:37:45.916000
perceptions,"gps(47.64173906854284, -122.14030122968349) compass(3.28266641951) speed(0.0489833429456) lane(0.10860365792739998,-0.4461395707406035,340.21822884607514,0.41047207506530514,51.78172820608567) obstacle(66.144408226)",2021-07-13 14:37:45.974000
perceptions,"gps(47.64173908912638, -122.1403012566371) compass(4.10436911734) speed(0.0450410656631) lane(0.10770720463902642,-0.4333698594147509,343.42850357416916,0.4284862498987496,47.50726861098342) obstacle(59.25573349)",2021-07-13 14:37:46.045000
perceptions,"gps(47.641739134696785, -122.1403013058555) compass(2.49758819772) speed(0.0460875593126) lane(-0.03248286913109823,-0.4342111246188514,337.48810143626923,0.47155301452170717,50.02699871845714) obstacle(59.25573349)",2021-07-13 14:37:46.106000
perceptions,"gps(47.64173918435784, -122.14030135174818) compass(1.83736947257) speed(0.0463659651577) lane(-0.04633222881023332,-0.5065779821000642,344.21027534601654,0.5489705460817141,9.88218848911818) obstacle(37.5027661324)",2021-07-13 14:37:46.173000
perceptions,"gps(47.64173920741662, -122.14030137426433) compass(3.10457283617) speed(0.0443807393312) lane(0.1343609774247587,-0.4535355398730099,348.4706718832637,0.41450665419234567,48.71293721223453) obstacle(63.8603010178)",2021-07-13 14:37:46.232000
perceptions,"gps(47.641739238969365, -122.14030141029593) compass(2.19595055722) speed(0.042191170156) lane(-0.03420455528648295,-0.4564696694723439,340.91642679628455,0.47366992147074743,51.115564119952836) obstacle(63.8603010178)",2021-07-13 14:37:46.295000
perceptions,"gps(47.641739268984864, -122.14030144503693) compass(3.07090390397) speed(0.0431704446673) lane(-0.12558329210159522,-0.5150654624177292,337.81545725624125,0.5185944613793025,38.44546369264611) obstacle(60.9902935028)",2021-07-13 14:37:46.358000
perceptions,"gps(47.64173930968296, -122.14030148917495) compass(1.63579228152) speed(0.0439342148602) lane(0.019845461439296424,-0.5334876860202037,339.57729704996046,0.41830895505179294,52.61144658263033) obstacle(40.6151878834)",2021-07-13 14:37:46.431000
perceptions,"gps(47.64173933391422, -122.14030151170073) compass(2.63241021035) speed(0.0435606464744) lane(0.04426168109771883,-0.4769168698295667,346.5281621871725,0.45739731224896635,41.55614966462814) obstacle(40.6151878834)",2021-07-13 14:37:46.487000
perceptions,"gps(47.64173936468532, -122.14030154925986) compass(3.49284680905) speed(0.040545437485) lane(-0.1432618637928416,-0.5744402180475775,332.94350040538916,0.6086499859799419,-7.6340857478538835) obstacle(33.7847790718)",2021-07-13 14:37:46.552000
perceptions,"gps(47.64173940572214, -122.14030159537008) compass(3.54828147501) speed(0.0429325997829) lane(0.09101097081011833,-0.45095801033591715,341.7923456072351,0.4179942907773589,47.89375341786173) obstacle(33.7847790718)",2021-07-13 14:37:46.616000
perceptions,"gps(47.6417394261754, -122.14030161709346) compass(1.47388030491) speed(0.044800914824) lane(-0.00927010073169551,-0.4525466596895165,331.5372230943659,0.4205656520511376,63.23728313617178) obstacle(59.0123615265)",2021-07-13 14:37:46.676000
perceptions,"gps(47.64173946317367, -122.14030164751779) compass(3.73217813572) speed(0.0460069552064) lane(0.00930803702851778,-0.5128786243614649,336.6485358658895,0.4282135623173427,51.577134843570015) obstacle(59.0123615265)",2021-07-13 14:37:46.736000
perceptions,"gps(47.64173949412715, -122.14030168081827) compass(5.83445834962) speed(0.0462015457451) lane(0.051473615178468574,-0.5013274032635505,339.96042163409805,0.42174006421837773,50.33543602508233) obstacle(55.8178300858)",2021-07-13 14:37:46.788000
perceptions,"gps(47.64173952198007, -122.1403017125236) compass(4.82227002954) speed(0.0462075993419) lane(0.019515743263683487,-0.4953740568994201,336.508443762883,0.4210872803037786,56.21525409268801) obstacle(55.8178300858)",2021-07-13 14:37:46.848000
perceptions,"gps(47.64173955118787, -122.14030174108204) compass(4.05596052271) speed(0.0497542023659) lane(0.02771145081068238,-0.4878788557624535,335.50801139207,0.4220020850759178,53.02971608969007) obstacle(61.1897573471)",2021-07-13 14:37:46.923000
perceptions,"gps(47.641739581724465, -122.14030176769245) compass(5.62577940456) speed(0.0413024276495) lane(-0.09311893127114934,-0.572300101979883,329.4696051478514,0.4510385536704268,52.39901749850848) obstacle(55.8821382523)",2021-07-13 14:37:46.983000
perceptions,"gps(47.64173961299059, -122.14030179338927) compass(4.33994086704) speed(0.0413797460496) lane(-0.17274343998158587,-0.5699249580828529,328.99454565901937,0.5291386670848179,30.796407908230634) obstacle(55.8821382523)",2021-07-13 14:37:47.047000
perceptions,"gps(47.64173963349596, -122.14030181024977) compass(5.35132742584) speed(0.0452196486294) lane(-0.11487884382914058,-0.5578958778302503,325.09743870203255,0.428040276721205,62.173740938709145) obstacle(40.5567828417)",2021-07-13 14:37:47.114000
perceptions,"gps(47.64173966484029, -122.1403018348783) compass(4.72908798938) speed(0.0427145026624) lane(-0.022439786447233386,-0.4498376223377303,338.84423962920215,0.4937592081899613,30.554687589397776) obstacle(46.1127872467)",2021-07-13 14:37:47.194000
perceptions,"gps(47.64173971228663, -122.140301867299) compass(5.25920115373) speed(0.0450179465115) lane(0.06748819891775788,-0.45070880726194257,332.5574196401423,0.38435702313164305,66.19326328041772) obstacle(46.1127872467)",2021-07-13 14:37:47.255000
perceptions,"gps(47.64173974253663, -122.14030189431544) compass(4.16321491071) speed(0.0449597388506) lane(0.04667615277436822,-0.42419242480421604,330.6810901001112,0.3754044878596627,78.13164958784834) obstacle(49.2093839645)",2021-07-13 14:37:47.309000
perceptions,"gps(47.641739760202, -122.14030191283882) compass(5.2594647656) speed(0.0448280721903) lane(0.04149984430241437,-0.39687783443824093,342.5213386422313,0.4891594680793715,31.852566910028372) obstacle(49.2093839645)",2021-07-13 14:37:47.372000
perceptions,"gps(47.64173980465202, -122.1403019440849) compass(3.6655129031) speed(0.012071756646) lane(-0.010784781266157659,-0.41346180123839643,341.48035284192036,0.5087799745548353,31.03231547137209) obstacle(54.3484773636)",2021-07-13 14:37:47.464000
perceptions,"gps(47.641739835006234, -122.1403019684959) compass(5.3619041237) speed(-0.0240686535835) lane(-0.06521186987478077,-0.5522762040407239,321.25452339505193,0.4273537750917062,51.96016001611104) obstacle(54.3871307373)",2021-07-13 14:37:47.522000
perceptions,"gps(47.64173986856521, -122.14030199136488) compass(7.41094080598) speed(-0.0105206249282) lane(0.2007740015750853,-0.4031154176199589,347.6516520529712,0.4038096235770657,46.794025420769486) obstacle(54.3871307373)",2021-07-13 14:37:47.585000
perceptions,"gps(47.641739896105484, -122.14030201641395) compass(6.88657896004) speed(0.0459272153676) lane(-0.1615229905393217,-0.5532659735032699,319.1543895690088,0.5915293554105756,-1.876460906209335) obstacle(63.2619800568)",2021-07-13 14:37:47.662000
perceptions,"gps(47.6417399255217, -122.14030203548839) compass(4.39254078222) speed(0.053542483598) lane(-0.06195056312148215,-0.43094364551360737,327.95898844654266,0.4263148205196922,64.62197166093141) obstacle(51.8475131989)",2021-07-13 14:37:47.722000
perceptions,"gps(47.64173991108717, -122.14030205061357) compass(5.80013508419) speed(0.054541926831) lane(0.04975430504819182,-0.462682122226255,339.79046377772426,0.4417561486430675,42.08265840137806) obstacle(51.8475131989)",2021-07-13 14:37:47.781000
perceptions,"gps(47.64173988620457, -122.1403020729074) compass(6.49985494287) speed(0.0499486103654) lane(-0.029890005720899677,-0.43358483222687977,326.08225692621346,0.4111687619577954,68.28606305574354) obstacle(53.877623558)",2021-07-13 14:37:47.850000
perceptions,"gps(47.64173990175947, -122.14030208837093) compass(4.97999754933) speed(0.147764727473) lane(-0.02094565077975679,-0.40603848493649786,327.94566711353593,0.39863400320380765,75.79541095550184) obstacle(53.877623558)",2021-07-13 14:37:47.912000
perceptions,"gps(47.64173993464102, -122.14030210957223) compass(5.79934846433) speed(0.0183687303215) lane(-0.10140271479465557,-0.42285578086702635,322.80934416096596,0.44733940351600454,61.003339229387684) obstacle(45.2776079178)",2021-07-13 14:37:47.969000
perceptions,"gps(47.64173998995604, -122.14030213237352) compass(7.40223049041) speed(0.0476216226816) lane(-0.13819915908092056,-0.47396612226157697,317.11577872884686,0.4117984324286712,76.32181778983012) obstacle(45.2776079178)",2021-07-13 14:37:48.044000
perceptions,"gps(47.64174003000273, -122.14030215198933) compass(7.32947208163) speed(0.0597300194204) lane(0.050324219748253414,-0.3955322343764773,334.672981600157,0.39329847062406076,69.90825908970315) obstacle(44.7957420349)",2021-07-13 14:37:48.109000
perceptions,"gps(47.64174005334811, -122.14030216612836) compass(6.37615075595) speed(0.0460957102478) lane(-0.13220323736804593,-0.452269928072058,319.09987298875654,0.4840744026554042,45.376726672979345) obstacle(44.3583755493)",2021-07-13 14:37:48.174000
perceptions,"gps(47.64174008703737, -122.14030218841245) compass(7.96298905157) speed(0.0479471758008) lane(0.10745309241758,-0.40789002396994456,339.42665666324535,0.3756110046045316,72.22526056323264) obstacle(44.3583755493)",2021-07-13 14:37:48.243000
perceptions,"gps(47.641740093525094, -122.14030219721494) compass(5.76834181955) speed(0.0467288419604) lane(-0.010290856201923299,-0.42490134863313556,322.13917473623366,0.42633031558002227,53.96330661647434) obstacle(48.3576908112)",2021-07-13 14:37:48.315000
perceptions,"gps(47.64174013742796, -122.14030221033399) compass(8.2594847531) speed(0.0418882742524) lane(-0.003960992841022182,-0.44381647984249045,336.7509327548522,0.4161046962335847,68.18391026883727) obstacle(48.3576908112)",2021-07-13 14:37:48.372000
perceptions,"gps(47.64174018073155, -122.14030224098066) compass(5.96951884846) speed(0.0429315306246) lane(-0.07665436023010218,-0.388922090099774,333.0408133831238,0.5617858533248269,13.325154737946471) obstacle(47.9996004105)",2021-07-13 14:37:48.439000
perceptions,"gps(47.641740202930514, -122.14030225320066) compass(6.50314083293) speed(-0.00399605138227) lane(-0.009882365123444346,-0.46387359119195515,333.8342793257653,0.3807498032613658,82.66880166977275) obstacle(44.2836847305)",2021-07-13 14:37:48.499000
perceptions,"gps(47.64174025201834, -122.14030226662909) compass(8.46367039557) speed(-0.0168133117259) lane(-0.28005895868208325,-0.5346405228758178,307.8718954248368,0.6994375823704294,-30.44239331433059) obstacle(44.2836847305)",2021-07-13 14:37:48.555000
perceptions,"gps(47.64174029394101, -122.14030228881649) compass(6.79759693417) speed(-0.0171648766845) lane(0.0058485345298790355,-0.37780826691551267,332.5665062468129,0.4387875028220708,50.6880739189373) obstacle(45.5741548538)",2021-07-13 14:37:48.608000
perceptions,"gps(47.64174031006912, -122.14030230676464) compass(6.63964268514) speed(0.0457923971117) lane(-0.11417673832688838,-0.4277588426242139,326.0859157998522,0.4532073022201799,64.53650573212357) obstacle(45.5741548538)",2021-07-13 14:37:48.664000
perceptions,"gps(47.641740339641686, -122.14030232800461) compass(6.68611912418) speed(0.0533595867455) lane(-0.08581203887037993,-0.4284574468085105,326.48749999999984,0.44676372378844714,59.02024507651087) obstacle(44.2654247284)",2021-07-13 14:37:48.722000
perceptions,"gps(47.64174033229415, -122.14030234122042) compass(8.0078705945) speed(0.0526056624949) lane(0.009504944849453495,-0.46268942416824405,336.39507847036884,0.42377546748493444,57.16692575591006) obstacle(44.2654247284)",2021-07-13 14:37:48.787000
perceptions,"gps(47.641740312362, -122.14030235108154) compass(8.74405979673) speed(0.0512027330697) lane(-0.1227051795546885,-0.4354826855448852,325.98314082208225,0.47836701699825834,53.441190030368865) obstacle(47.4865074158)",2021-07-13 14:37:48.851000
perceptions,"gps(47.64174030678621, -122.14030235798431) compass(7.44670463131) speed(0.0504163838923) lane(-0.16132022957081785,-0.41710315947798593,313.1410188160346,0.42800861648283306,72.25120456989589) obstacle(41.0044136047)",2021-07-13 14:37:48.905000
perceptions,"gps(47.64174033969381, -122.14030237235535) compass(6.30811475679) speed(0.0487545393407) lane(-0.3507857143636695,-0.5157262676324825,302.31833778116663,0.6878726938765797,-12.686927406073465) obstacle(41.0044136047)",2021-07-13 14:37:48.955000
perceptions,"gps(47.641740393054675, -122.14030239056933) compass(7.75352259642) speed(0.0483806170523) lane(-0.3154661934265192,-0.5192328240196603,302.55769847205886,0.5161696023892206,45.58939909342772) obstacle(40.9690341949)",2021-07-13 14:37:49.013000
perceptions,"gps(47.641740431016984, -122.1403024047905) compass(8.89773149383) speed(0.0476007983088) lane(-0.12388745836143336,-0.3892150307872238,338.44969672513855,0.5214682849936004,43.35082135673754) obstacle(40.9690341949)",2021-07-13 14:37:49.077000
perceptions,"gps(47.641740455326385, -122.14030241445822) compass(8.77463812095) speed(0.0472545959055) lane(-0.023392909827219917,-0.4231827621550699,341.6477084379296,0.48646474004274,40.44148518284712) obstacle(42.2838478088)",2021-07-13 14:37:49.127000
perceptions,"gps(47.64174046720751, -122.14030241937427) compass(7.24099333503) speed(0.0469063781202) lane(-0.0007758980934089884,-0.3570167264169946,337.8230467756372,0.35777247098844384,108.64157941305126) obstacle(42.2838478088)",2021-07-13 14:37:49.169000
perceptions,"gps(47.641740513820096, -122.14030243983113) compass(8.60619809793) speed(0.046654060483) lane(-0.04943952138979985,-0.3751068038716631,335.6666750846663,0.3828015440156826,101.00736031563393) obstacle(41.0825691223)",2021-07-13 14:37:49.229000
perceptions,"gps(47.64174052570124, -122.14030244488251) compass(10.6603024771) speed(0.0465139485896) lane(-0.1350510938954053,-0.3654760362488589,320.0521576264186,0.5085138949891008,38.98884261938187) obstacle(41.0825691223)",2021-07-13 14:37:49.275000
perceptions,"gps(47.641740568457685, -122.14030246646085) compass(9.13787731629) speed(0.0463317520916) lane(-0.4037117872373153,-0.39035108545434055,314.15593339693794,0.644392491350666,41.14106121330465) obstacle(41.1838331223)",2021-07-13 14:37:49.331000
perceptions,"gps(47.641740589874985, -122.14030247695514) compass(11.3638202427) speed(0.045950293541) lane(-0.12958988630726598,-0.44166204131976566,307.6823928461301,0.40569986253014323,64.42957423685043) obstacle(41.1838331223)",2021-07-13 14:37:49.394000
perceptions,"gps(47.64174064135988, -122.14030250353655) compass(9.1958692713) speed(0.0445863232017) lane(-0.11809195548346552,-0.42283018276036766,343.7151922236358,0.45335199467055753,81.02929998583949) obstacle(41.0912418365)",2021-07-13 14:37:49.457000
perceptions,"gps(47.64174067176621, -122.14030251929009) compass(12.7397670826) speed(0.0440287441015) lane(-0.14899369829385214,-0.3707092424483734,324.2876793898534,0.4519497464469181,72.70759285990131) obstacle(41.0714464188)",2021-07-13 14:37:49.521000
perceptions,"gps(47.641740691854686, -122.14030252975539) compass(10.0486260075) speed(0.0445949546993) lane(-0.20367396280547148,-0.3689611642292697,326.5921784692965,0.5888822200254201,24.518147154356768) obstacle(41.0714464188)",2021-07-13 14:37:49.577000
perceptions,"gps(47.641740691854686, -122.14030252975539) compass(9.4358314716) speed(0.0448706895113) lane(-0.10470376785153293,-0.5076923076923078,291.99999999999994,0.3221492632927613,94.94266495836001) obstacle(46.4343042374)",2021-07-13 14:37:49.637000
perceptions,"gps(47.641740741541774, -122.14030255577603) compass(10.4867374329) speed(0.0518365167081) lane(-0.21893763990923926,-0.4033684204175582,318.62784255759453,0.47113749911100716,71.23224592131703) obstacle(46.4343042374)",2021-07-13 14:37:49.695000
perceptions,"gps(47.64174078445455, -122.14030257648427) compass(8.0581801862) speed(0.045423772186) lane(0.07066356661287808,-0.35575891359041206,328.9266986008287,0.35096723998877916,87.3447326250088) obstacle(46.5518712997)",2021-07-13 14:37:49.760000
perceptions,"gps(47.64174082356328, -122.14030259879253) compass(10.3611594288) speed(0.142979070544) lane(-0.2261498300620118,-0.35686601826147085,325.49853840145664,0.5660602370974438,45.88053667837068) obstacle(46.5518712997)",2021-07-13 14:37:49.825000
perceptions,"gps(47.64174082356328, -122.14030259879253) compass(10.5818735594) speed(-0.00600561313331) lane(-0.10508764943109081,-0.3543985476503571,331.7915461421115,0.41890833261291366,87.05432770815894) obstacle(42.7991676331)",2021-07-13 14:37:49.883000
perceptions,"gps(47.64174087499606, -122.14030262267178) compass(11.9481295217) speed(-0.015626700595) lane(-0.09725801647001191,-0.3463631721635903,327.762125251431,0.37618309830480134,105.91857682373626) obstacle(41.7273874283)",2021-07-13 14:37:49.944000
perceptions,"gps(47.64174089453739, -122.14030263412803) compass(10.9970760367) speed(-0.0176666975021) lane(-0.08150051968208197,-0.3981891735696398,305.87931034482745,0.3625257576591793,85.41980996922591) obstacle(41.7273874283)",2021-07-13 14:37:50.004000
perceptions,"gps(47.64174093830998, -122.14030265284474) compass(7.59573220151) speed(0.0482156127691) lane(-0.20437528660884496,-0.3650795827724087,323.7036674863414,0.5265058988935756,51.191449966379274) obstacle(42.7408304214)",2021-07-13 14:37:50.068000
perceptions,"gps(47.641740957408366, -122.1403026642043) compass(14.1313668808) speed(0.0528197363019) lane(-0.242036026801688,-0.4448177180540001,314.8277964414582,0.4267402921748969,88.78673082739009) obstacle(42.7408304214)",2021-07-13 14:37:50.123000
perceptions,"gps(47.64174095951884, -122.14030267960017) compass(12.2129779572) speed(0.0530566312373) lane(-0.23531495090998997,-0.3768957853295922,321.6691873076395,0.5535329292853344,39.45994881931616) obstacle(40.1068019867)",2021-07-13 14:37:50.192000
perceptions,"gps(47.64174093875294, -122.14030269222626) compass(12.6995476971) speed(0.049994263798) lane(-0.2664157957973463,-0.37570907200125503,328.8822807196557,0.7601273016594677,-29.965992270970446) obstacle(46.6964998245)",2021-07-13 14:37:50.250000
perceptions,"gps(47.64174093283843, -122.14030270038583) compass(11.5475681436) speed(0.0495563559234) lane(-0.25846898176924044,-0.35414691198716397,305.28873125419864,0.60102769634525,3.085392949159842) obstacle(46.6964998245)",2021-07-13 14:37:50.313000
perceptions,"gps(47.64174097853909, -122.14030271462634) compass(10.4997277598) speed(0.0497670695186) lane(-0.1562572879940515,-0.3819815193895706,315.2960426947034,0.37374005894592927,100.40582703545046) obstacle(41.7958850861)",2021-07-13 14:37:50.374000
perceptions,"gps(47.64174101908084, -122.14030272323542) compass(12.3074516808) speed(0.0492827929556) lane(0.01154854703311272,-0.3667219650018435,341.83972471300837,0.4614128384210561,51.70492985514241) obstacle(41.7958850861)",2021-07-13 14:37:50.434000
perceptions,"gps(47.64174104398952, -122.14030273005598) compass(12.3179406698) speed(0.0487667880952) lane(-0.21182744648098964,-0.3830940020663243,317.14156374817424,0.40416666666666673,103.30416666666673) obstacle(42.0618858337)",2021-07-13 14:37:50.494000
perceptions,"gps(47.64174109703772, -122.14030274338292) compass(12.6523876816) speed(0.0457688160241) lane(-0.1940027505486123,-0.4661551263163634,330.9247899274294,0.39999999999999925,105.00000000000034) obstacle(42.0618858337)",2021-07-13 14:37:50.559000
perceptions,"gps(47.64174113057064, -122.14030275563672) compass(12.2637110184) speed(0.0442306213081) lane(-0.10243371484699239,-0.434181096681098,293.3916486291487,0.3561413202916435,78.21700715859093) obstacle(47.0337505341)",2021-07-13 14:37:50.621000
perceptions,"gps(47.64174115284777, -122.14030276307602) compass(12.3728561999) speed(0.0510064288974) lane(-0.10790925580087642,-0.38456654920032585,324.0610732809254,0.427948395745691,74.79100175982352) obstacle(47.0337505341)",2021-07-13 14:37:50.678000
perceptions,"gps(47.64174119133116, -122.14030277438721) compass(13.8401733565) speed(0.046041611582) lane(-0.4550422390574309,-0.36039462081128776,316.3859126984128,0.659810874704492,55.14728132387699) obstacle(43.3214073181)",2021-07-13 14:37:50.742000
perceptions,"gps(47.64174123935072, -122.14030278683921) compass(14.2880098551) speed(0.0463023781776) lane(-0.2788780623402468,-0.3037974683544311,322.8860759493671,0.5836225706686741,37.57228039181953) obstacle(43.4157657623)",2021-07-13 14:37:50.805000
perceptions,"gps(47.64174127452512, -122.14030279867248) compass(13.1730468775) speed(0.0451887212694) lane(-0.12227231490321268,-0.37362994707059044,330.9921026882798,0.39026002614391814,101.34016457419622) obstacle(43.4157657623)",2021-07-13 14:37:50.863000
perceptions,"gps(47.64174130626024, -122.14030281307252) compass(13.8747723446) speed(-0.00658394629136) lane(0.06768838621405744,-0.35552682611506137,324.38073691014864,0.34120740370740377,90.92113997114) obstacle(37.0746107101)",2021-07-13 14:37:50.927000
perceptions,"gps(47.64174133637995, -122.14030282728409) compass(13.6607224881) speed(-0.016560614109) lane(0.19946804880569782,-0.35369443626729485,323.2073888725347,0.3211282071157276,83.22605482779109) obstacle(37.0746107101)",2021-07-13 14:37:50.986000
perceptions,"gps(47.64174137095509, -122.14030283729497) compass(12.6532620651) speed(-0.0183066818863) lane(-0.28659292137211007,-0.3837789661319073,289.2179144385027,1.0000000000000016,-172.00000000000088) obstacle(47.2394323349)",2021-07-13 14:37:51.046000
perceptions,"gps(47.64174140255993, -122.14030285101347) compass(12.909645498) speed(0.0475718714297) lane(0.2807894441212325,-0.46860836577817705,352.4080313467105,0.35036613410796374,55.84759743403563) obstacle(47.2394323349)",2021-07-13 14:37:51.108000
perceptions,"gps(47.64174143359156, -122.14030286292892) compass(12.720892009) speed(0.0521695204079) lane(0.23090151481401197,-0.48145325203252076,346.84146341463423,0.34359563960710143,74.16964618586306) obstacle(43.5208978653)",2021-07-13 14:37:51.167000
perceptions,"gps(47.64174142335192, -122.14030287868252) compass(15.2482476908) speed(0.051677364856) lane(0.2146503844774922,-0.40277777777777807,330.27777777777794,0.34482758620689663,69.82758620689646) obstacle(43.5208978653)",2021-07-13 14:37:51.227000
perceptions,"gps(47.64174140138748, -122.14030289399622) compass(12.8162511572) speed(0.0488681718707) lane(0.4746280691343884,0.0,0.0,0.3401536461441023,72.6605011933728) obstacle(47.0658683777)",2021-07-13 14:37:51.292000
perceptions,"gps(47.64174139508215, -122.14030290296307) compass(12.7877753158) speed(0.0453356653452) lane(-0.07813110630948189,-0.30487804878048874,304.4634146341468,0.42642204124620375,63.283823337453036) obstacle(47.0658683777)",2021-07-13 14:37:51.351000
perceptions,"gps(47.64174144060041, -122.14030291320599) compass(13.2899458827) speed(0.0465819649398) lane(0.24342517579987583,-0.5295081967213119,357.0475409836066,0.3561881399073202,59.20626293488906) obstacle(43.3636064529)",2021-07-13 14:37:51.413000
perceptions,"gps(47.64174146514433, -122.14030291907909) compass(16.0172313977) speed(0.0472154654562) lane(0.08687188849904394,0.0,0.0,0.4834112738942262,32.093530117497515) obstacle(47.2240715027)",2021-07-13 14:37:51.478000
perceptions,"gps(47.64174152157968, -122.14030292516487) compass(14.1701842205) speed(0.047616571188) lane(-0.08924381040796779,-0.3441011771640577,345.59915743485743,0.3819444444444447,124.19444444444441) obstacle(47.2240715027)",2021-07-13 14:37:51.538000
perceptions,"gps(47.64174154466452, -122.14030293344526) compass(13.3163574776) speed(0.047673933208) lane(-0.2595610471160262,-0.32615740740740634,306.82615740740744,0.0,0.0) obstacle(47.2910861969)",2021-07-13 14:37:51.597000
perceptions,"gps(47.64174158270496, -122.14030294290508) compass(14.3042428718) speed(0.0445317290723) lane(0.3903705751682384,0.0,0.0,0.3771360860402008,53.33555176543683) obstacle(44.0229301453)",2021-07-13 14:37:51.663000
perceptions,"gps(47.64174163145407, -122.14030295483502) compass(15.8930002849) speed(0.0441804304719) lane(0.016043138148088536,-0.405251765778082,326.0357199817727,0.4160774060774057,65.55867258867278) obstacle(44.0229301453)",2021-07-13 14:37:51.722000
perceptions,"gps(47.64174166457012, -122.14030296464774) compass(17.306410019) speed(0.0433897040784) lane(0.30288034130545244,-0.449557516130725,349.4848072355042,0.3826086956521736,36.15652173913059) obstacle(44.0198011398)",2021-07-13 14:37:51.781000
perceptions,"gps(47.64174168502337, -122.14030297255593) compass(15.2041308371) speed(0.0422644466162) lane(0.17454510630439385,-0.361963190184049,319.6134969325154,0.3839168848167538,47.80472840314144) obstacle(44.0198011398)",2021-07-13 14:37:51.845000
perceptions,"gps(47.64174171800914, -122.1403029820931) compass(16.4585202574) speed(0.0442597866058) lane(0.08383701586309608,-0.3443877372057951,335.89351082114433,0.0,0.0) obstacle(44.2277565002)",2021-07-13 14:37:51.903000
perceptions,"gps(47.64174175307931, -122.14030299166413) compass(17.4281776429) speed(0.045047134161) lane(0.08383701586309608,0.0,0.0,0.0,0.0) obstacle(44.2277565002)",2021-07-13 14:37:51.960000
perceptions,"gps(47.641741785674256, -122.14030300232278) compass(15.4454485692) speed(0.0454030223191) lane(0.04861968786397392,-0.3180797304884897,313.21224031443023,0.306451612903226,110.17741935483855) obstacle(44.3542346954)",2021-07-13 14:37:52.025000
perceptions,"gps(47.64174183327694, -122.14030301322792) compass(16.8787625169) speed(0.0437984988093) lane(0.07329188807217245,-0.4165023050786524,347.2158638378016,0.0,0.0) obstacle(44.3542346954)",2021-07-13 14:37:52.087000
perceptions,"gps(47.64174186219812, -122.14030302676755) compass(17.957956941) speed(0.0421296544373) lane(-0.02954302850543527,-0.4338992974238872,337.8163934426229,0.4979602038183692,35.483891253870084) obstacle(44.4565782547)",2021-07-13 14:37:52.147000
perceptions,"gps(47.64174188064513, -122.14030303541534) compass(17.6881349298) speed(0.0436334423721) lane(0.12853440951329934,-0.38705450622423115,331.73959871499267,0.367376872008646,69.97699552261852) obstacle(44.4924402237)",2021-07-13 14:37:52.206000
perceptions,"gps(47.64174191271897, -122.14030304304315) compass(18.0913888046) speed(0.0450594909489) lane(0.3028077200247953,0.0,0.0,0.3206323727993064,98.01375831231388) obstacle(44.4924402237)",2021-07-13 14:37:52.267000
perceptions,"gps(47.641741945444174, -122.14030305239179) compass(19.2304843583) speed(0.0444223172963) lane(0.5170643369117545,0.0,0.0,0.3825211722003205,43.21347534893174) obstacle(48.2814865112)",2021-07-13 14:37:52.325000
perceptions,"gps(47.641741979211616, -122.14030306164862) compass(17.7505997227) speed(0.00840630847961) lane(0.2882660771349974,-0.4485138964249105,346.8854826068607,0.3375788492220425,75.72606102587068) obstacle(48.2814865112)",2021-07-13 14:37:52.396000
perceptions,"gps(47.64174201297902, -122.140303071413) compass(18.7367141903) speed(-0.0141090126708) lane(-0.06087789587575966,-0.401459854014598,338.5839416058391,0.6202810378879027,-5.245296644798184) obstacle(48.2696027756)",2021-07-13 14:37:52.454000
perceptions,"gps(47.64174204252552, -122.14030308226982) compass(18.4725191228) speed(-0.0197276845574) lane(0.26575044135715725,-0.3243338008415152,338.218793828892,0.3833333878456221,48.05957347105124) obstacle(48.2696027756)",2021-07-13 14:37:52.509000
perceptions,"gps(47.641742074912024, -122.14030309175385) compass(16.074302359) speed(0.124171361327) lane(0.046494439543745755,-0.41613519892655604,333.572614053381,0.44373425296044355,48.01952790375409) obstacle(41.713809967)",2021-07-13 14:37:52.577000
perceptions,"gps(47.641742120300016, -122.1403031022723) compass(17.3563344519) speed(0.0506416969001) lane(0.14608381052059413,-0.3671288309586182,313.01087044491294,0.34415584415584427,66.29220779220786) obstacle(44.6293344498)",2021-07-13 14:37:52.638000
perceptions,"gps(47.6417421237393, -122.14030311583129) compass(17.2364291308) speed(0.0528173483908) lane(0.10515808835450892,-0.588167297183691,344.19945355191277,0.41811961541308645,37.79175563869107) obstacle(44.6293344498)",2021-07-13 14:37:52.698000
perceptions,"gps(47.64174210182696, -122.14030313581453) compass(16.3802910314) speed(0.0498131550848) lane(0.06742315235375843,-0.4957615180436002,342.09700351325745,0.3866666666666672,71.35999999999957) obstacle(46.3845586777)",2021-07-13 14:37:52.762000
perceptions,"gps(47.64174209098805, -122.14030315147144) compass(18.2281782557) speed(0.0479041002691) lane(-0.05972797308169754,-0.431530351238381,349.08777840164703,1.0000000000000038,-176.00000000000205) obstacle(46.3845586777)",2021-07-13 14:37:52.823000
perceptions,"gps(47.641742122306276, -122.14030315887689) compass(17.0933669807) speed(0.0485785752535) lane(0.1536999506277928,-0.34152288072018,326.16879219804946,0.30348258706467685,103.8606965174129) obstacle(44.1052389145)",2021-07-13 14:37:52.881000
perceptions,"gps(47.64174216297831, -122.14030316140497) compass(16.9458748372) speed(0.0456731580198) lane(0.17980061039177067,-0.4301686236205482,342.88364734123246,0.42741935483870935,33.274193548387196) obstacle(44.1052389145)",2021-07-13 14:37:52.946000
perceptions,"gps(47.64174220406721, -122.14030316385568) compass(18.5588106541) speed(0.0463816002011) lane(0.2648782379267136,-0.35419900787418607,339.5512164745483,0.40522875816993426,36.43137254901988) obstacle(44.4510612488)",2021-07-13 14:37:53.004000
perceptions,"gps(47.64174224429629, -122.14030316647559) compass(20.0076229519) speed(0.0472895614803) lane(0.18234494347675148,-0.543859649122808,352.0701754385966,0.38636363636363624,53.886363636363775) obstacle(44.4510612488)",2021-07-13 14:37:53.065000
perceptions,"gps(47.64174226586992, -122.14030317353784) compass(18.4486676365) speed(0.0478576608002) lane(0.05356499045714822,-0.512820512820512,341.8974358974355,0.4315044165134824,48.815217721109484) obstacle(44.7743425369)",2021-07-13 14:37:53.128000
perceptions,"gps(47.64174231860546, -122.14030317757407) compass(17.8868461342) speed(0.0444703437388) lane(-0.012492996082171432,-0.302197802197802,295.15934065934056,0.3870798597273386,53.29531726051434) obstacle(44.7743425369)",2021-07-13 14:37:53.190000
perceptions,"gps(47.64174235179967, -122.14030318584962) compass(17.0120478092) speed(0.0434602051973) lane(-0.03140365183493744,0.0,0.0,0.47909482758620703,45.609913793103345) obstacle(46.402973175)",2021-07-13 14:37:53.246000
perceptions,"gps(47.64174238650506, -122.14030319140852) compass(19.1439749382) speed(0.0443154424429) lane(0.1843939860218349,-0.3979124579124577,331.11259259259265,0.3743942624539639,53.18559798410554) obstacle(46.402973175)",2021-07-13 14:37:53.311000
perceptions,"gps(47.641742406254835, -122.14030319866896) compass(19.5958201881) speed(0.0458108447492) lane(-0.1020156362683769,-0.3269230769230753,311.98076923076906,0.47070761318881615,47.86388210786713) obstacle(44.3314981461)",2021-07-13 14:37:53.368000
perceptions,"gps(47.64174245805238, -122.14030319998855) compass(19.540050929) speed(0.0445936284959) lane(0.050576349313650876,-0.3564228482812103,307.41509433962267,0.3550281308977815,69.15430769326804) obstacle(44.3314981461)",2021-07-13 14:37:53.429000
perceptions,"gps(47.64174247722893, -122.14030320837047) compass(18.736676272) speed(-0.0119875967503) lane(0.10055951442382961,-0.5730337078651682,337.22471910112347,0.38062493911797185,55.13963644432909) obstacle(44.2712287903)",2021-07-13 14:37:53.490000
perceptions,"gps(47.64174252407602, -122.14030321548101) compass(17.4790724595) speed(-0.0212921239436) lane(0.4220127656308306,0.0,0.0,0.3447675299106463,73.41738603665019) obstacle(44.2712287903)",2021-07-13 14:37:53.554000
perceptions,"gps(47.64174254288781, -122.14030322274148) compass(19.3041981546) speed(0.0119067896158) lane(0.29229410897194585,-0.4146341463414663,360.2439024390244,0.435329970451601,29.78756880805725) obstacle(42.5146856308)",2021-07-13 14:37:53.610000
perceptions,"gps(47.641742574961654, -122.1403032296442) compass(21.1511612944) speed(0.0494649671018) lane(-0.06995235636100745,-0.38513513513513525,311.87162162162167,0.44769934640522874,51.803568627450964) obstacle(42.5146856308)",2021-07-13 14:37:53.675000
perceptions,"gps(47.64174260192868, -122.14030323709316) compass(17.9992625531) speed(0.0518396049738) lane(0.3245691409957525,0.0,0.0,0.4208791208791208,35.7741758241759) obstacle(42.6274709702)",2021-07-13 14:37:53.734000
perceptions,"gps(47.641742577827735, -122.14030326113202) compass(20.7211962092) speed(0.0477608852088) lane(-0.0455152668739266,-0.4307781339031341,318.3091168091168,0.4940788145627707,26.719122956760152) obstacle(42.6274709702)",2021-07-13 14:37:53.798000
perceptions,"gps(47.641742567770464, -122.14030327576899) compass(20.4660979423) speed(0.0471437908709) lane(-0.0020002116126961304,-0.3919478541089205,331.52424873435024,0.42012859037087047,64.89299474076434) obstacle(56.6308259964)",2021-07-13 14:37:53.864000
perceptions,"gps(47.64174259760355, -122.14030328172429) compass(20.2576298447) speed(0.0462023355067) lane(0.07682063973837922,0.0,0.0,0.4879132430240569,27.96250879313359) obstacle(56.6308259964)",2021-07-13 14:37:53.921000
perceptions,"gps(47.641742620792606, -122.14030328452307) compass(19.89479886) speed(0.058411039412) lane(0.19654596243344735,0.0,0.0,0.45363992302592526,32.982031250558656) obstacle(54.1295461655)",2021-07-13 14:37:53.971000
perceptions,"gps(47.64174266289764, -122.14030328398161) compass(21.0381068019) speed(0.0450582019985) lane(0.10964343495836207,-0.41747551203954025,337.60085403853435,0.4823925984364915,14.809653589614838) obstacle(54.1295461655)",2021-07-13 14:37:54.046000
perceptions,"gps(47.641742717926036, -122.14030328289394) compass(21.3736576667) speed(0.0449330955744) lane(0.17470232454581217,-0.3442622950819674,326.9180327868852,0.3490183387270765,74.99846817691477) obstacle(54.2274284363)",2021-07-13 14:37:54.103000
perceptions,"gps(47.64174273908277, -122.140303288332) compass(20.4635222324) speed(0.0442842319608) lane(-0.0609447315372017,-0.4000000000000003,311.0,0.47384384697351556,31.56411027661342) obstacle(54.2274284363)",2021-07-13 14:37:54.164000
perceptions,"gps(47.64174277548176, -122.14030329150299) compass(21.1929110374) speed(0.043436575681) lane(-0.07093200932982129,-0.432362155388471,311.40241228070175,0.4945319764050886,15.695748734572089) obstacle(54.3229589462)",2021-07-13 14:37:54.241000
perceptions,"gps(47.641742829051054, -122.1403032895017) compass(21.1211761792) speed(0.0425708517432) lane(-0.03136318511559588,-0.34061004784689003,300.35974880382776,0.3716354774526566,68.3219508045427) obstacle(54.3229589462)",2021-07-13 14:37:54.289000
perceptions,"gps(47.64174284869661, -122.14030329632227) compass(20.5183128998) speed(0.0415667705238) lane(0.1385479387919518,0.0,0.0,0.44765923028762944,41.64024341895348) obstacle(49.7818202972)",2021-07-13 14:37:54.351000
perceptions,"gps(47.641742897784425, -122.1403032982606) compass(22.4285476968) speed(0.0425684154034) lane(0.0702579774235459,-0.3800822129278925,330.93054383791934,0.3971606095739392,67.1074391922798) obstacle(49.7818202972)",2021-07-13 14:37:54.413000
perceptions,"gps(47.64174293217715, -122.14030330235967) compass(23.42976605) speed(0.0475146695971) lane(0.12352005471854981,-0.44776119402985,359.2089552238803,0.508593878053808,12.991326304357841) obstacle(72.7620029449)",2021-07-13 14:37:54.473000
perceptions,"gps(47.641742966543845, -122.14030330654576) compass(21.4053839045) speed(0.0450388118625) lane(0.0740956665777449,0.0,0.0,0.4259813253293473,61.96960743093823) obstacle(72.7620029449)",2021-07-13 14:37:54.530000
perceptions,"gps(47.64174298480848, -122.14030331479714) compass(22.4860729259) speed(0.0461876764894) lane(-0.014095846907808459,-0.32227454337899575,320.0273972602739,0.4312700820431125,57.28760966421738) obstacle(72.8008928299)",2021-07-13 14:37:54.588000
perceptions,"gps(47.64174301935755, -122.14030331974217) compass(21.6008078882) speed(0.0460629947484) lane(0.0914092132243587,0.0,0.0,0.43012363474364546,56.427084311310786) obstacle(60.7073011398)",2021-07-13 14:37:54.649000
perceptions,"gps(47.64174306430261, -122.14030332579411) compass(23.5978187022) speed(0.0446196086705) lane(0.0726154272097361,-0.44444444444444475,354.88888888888897,0.46067415730337136,47.46067415730313) obstacle(60.7073011398)",2021-07-13 14:37:54.714000
perceptions,"gps(47.641743085276964, -122.1403033270364) compass(22.9807105939) speed(0.0441063456237) lane(0.21417772511254893,0.0,0.0,0.36516998841260273,80.0390712423454) obstacle(87.6868915558)",2021-07-13 14:37:54.773000
perceptions,"gps(47.641743131629, -122.14030332986414) compass(21.7248503507) speed(0.0420613475144) lane(0.38401868231163294,-0.3333333333333332,367.33333333333326,0.3983050847457625,51.88135593220344) obstacle(87.6868915558)",2021-07-13 14:37:54.839000
perceptions,"gps(47.64174315090977, -122.14030333500736) compass(24.4756680795) speed(0.0537205673754) lane(0.12030015038089048,0.0,0.0,0.3381066422324303,105.80533211366084) obstacle(73.8270177841)",2021-07-13 14:37:54.894000
perceptions,"gps(47.64174318530251, -122.14030333817834) compass(24.2987384233) speed(0.0547636672854) lane(0.4536554143991105,0.0,0.0,0.37261904761904774,53.69047619047619) obstacle(73.8270177841)",2021-07-13 14:37:54.960000
perceptions,"gps(47.64174321805379, -122.14030334256262) compass(25.6308249369) speed(-0.000819378299639) lane(0.23073483853917537,0.0,0.0,0.3873440808024226,69.84305270280574) obstacle(49.2000823021)",2021-07-13 14:37:55.012000
perceptions,"gps(47.64174325137825, -122.14030334677288) compass(24.0111533503) speed(-0.0125015396625) lane(-0.033338457228545504,-0.508823529411764,322.826470588235,0.3745912433982054,83.86405819767677) obstacle(49.2000823021)",2021-07-13 14:37:55.077000
perceptions,"gps(47.64174328267045, -122.14030335211426) compass(24.7135012182) speed(0.00218911515549) lane(0.16182686856285913,-0.3999999999999999,346.9999999999999,0.3043478260869565,114.95652173913047) obstacle(55.0056438446)",2021-07-13 14:37:55.131000
perceptions,"gps(47.64174331474428, -122.14030335692878) compass(23.939424664) speed(0.0478483587503) lane(0.26719153002089224,0.0,0.0,0.37650060024009535,69.52986194477839) obstacle(55.0056438446)",2021-07-13 14:37:55.196000
perceptions,"gps(47.64174334864196, -122.1403033547148) compass(24.1597418643) speed(0.051782283932) lane(0.17274946416088738,0.0,0.0,0.39625850340136043,68.89965986394563) obstacle(72.4383583069)",2021-07-13 14:37:55.257000
perceptions,"gps(47.64174334481188, -122.14030336772277) compass(25.3695533464) speed(0.0516963377595) lane(-0.13251000972937432,-0.3709677419354843,300.0322580645162,0.40176278115107883,74.47842512097839) obstacle(72.4383583069)",2021-07-13 14:37:55.318000
perceptions,"gps(47.641743318600454, -122.14030339652783) compass(23.133091837) speed(0.0491447336972) lane(0.014720375077482766,0.0,0.0,0.42882882882882767,64.17117117117174) obstacle(65.9746112823)",2021-07-13 14:37:55.390000
perceptions,"gps(47.64174332573957, -122.14030340398162) compass(23.145114918) speed(0.0483974404633) lane(0.014720375077482766,0.0,0.0,0.0,0.0) obstacle(65.9746112823)",2021-07-13 14:37:55.454000
perceptions,"gps(47.64174336482221, -122.14030340121663) compass(23.3626557936) speed(0.0454996638) lane(0.21002253894041314,0.0,0.0,0.40147137506688085,59.71037988228991) obstacle(65.6140117645)",2021-07-13 14:37:55.511000
perceptions,"gps(47.641743404608356, -122.14030339802139) compass(20.3870003053) speed(0.0449723415077) lane(0.20307456794362647,0.0,0.0,0.44631147540983646,37.78852459016392) obstacle(80.8196334839)",2021-07-13 14:37:55.572000
perceptions,"gps(47.641743434076666, -122.14030339297963) compass(27.7224252356) speed(0.046665225178) lane(0.183319956794363,0.0,0.0,0.41666666666666674,56.08333333333327) obstacle(80.8196334839)",2021-07-13 14:37:55.631000
perceptions,"gps(47.64174348827128, -122.14030338889494) compass(26.6624509736) speed(0.0471880435944) lane(-0.011437307228334161,0.0,0.0,0.4522377181077908,58.8653002573318) obstacle(63.9341268539)",2021-07-13 14:37:55.691000
perceptions,"gps(47.64174352826587, -122.14030338792328) compass(25.0080408559) speed(0.0466558262706) lane(0.14973614326029336,0.0,0.0,0.3726459851079908,81.19013846673434) obstacle(63.9341268539)",2021-07-13 14:37:55.747000
perceptions,"gps(47.6417435659676, -122.14030338796674) compass(24.4830905603) speed(0.0563851110637) lane(0.06426323804324717,0.0,0.0,0.3212454212454213,117.29523809523806) obstacle(64.1098051071)",2021-07-13 14:37:55.812000
perceptions,"gps(47.641743599891356, -122.1403033902628) compass(23.4230049779) speed(0.0495370104909) lane(0.13258190891070698,0.0,0.0,0.42342342342342365,56.369369369369316) obstacle(64.1098051071)",2021-07-13 14:37:55.876000
perceptions,"gps(47.64174363339822, -122.1403033915969) compass(27.4106719197) speed(0.0464657694101) lane(-0.05602629186755047,0.0,0.0,0.3085106382978721,133.14893617021292) obstacle(84.1231384277)",2021-07-13 14:37:55.939000
perceptions,"gps(47.64174368259025, -122.14030338756058) compass(27.5373811098) speed(0.0448996089399) lane(-0.05602629186755047,0.0,0.0,0.0,0.0) obstacle(84.1231384277)",2021-07-13 14:37:55.995000
perceptions,"gps(47.641743701897084, -122.14030339276661) compass(25.5166121685) speed(-0.016582665965) lane(0.09828001311823369,0.0,0.0,0.4054131054131053,68.29629629629642) obstacle(87.7306880951)",2021-07-13 14:37:56.061000
perceptions,"gps(47.64174375171444, -122.14030338722212) compass(25.3601750534) speed(-0.0206041634083) lane(0.2912944498815142,0.0,0.0,0.3266834570519613,95.2295422410748) obstacle(87.7306880951)",2021-07-13 14:37:56.122000
perceptions,"gps(47.64174378845214, -122.14030338503231) compass(26.8208283095) speed(0.0294764488935) lane(0.12342479481750195,0.0,0.0,0.39680390032502744,73.81879739978324) obstacle(40.8731956482)",2021-07-13 14:37:56.182000
perceptions,"gps(47.64174380755054, -122.14030339077011) compass(23.5139018665) speed(0.0505087226629) lane(0.32761150122088134,0.0,0.0,0.30666666666666625,104.09333333333352) obstacle(40.8731956482)",2021-07-13 14:37:56.246000
perceptions,"gps(47.64174383266766, -122.14030339482086) compass(25.9139695153) speed(0.0498199872673) lane(0.13496141449750146,0.0,0.0,0.32537634408602156,110.79397849462362) obstacle(64.5572118759)",2021-07-13 14:37:56.309000
perceptions,"gps(47.64174381182359, -122.14030342092379) compass(24.20077379) speed(0.0557828210294) lane(0.13496141449750146,0.0,0.0,0.0,0.0) obstacle(51.5962171555)",2021-07-13 14:37:56.384000
perceptions,"gps(47.641743800411454, -122.14030343512086) compass(27.5167785848) speed(0.0442525930703) lane(-0.043753858550248964,0.0,0.0,0.31034482758620685,131.31034482758616) obstacle(51.5962171555)",2021-07-13 14:37:56.442000
perceptions,"gps(47.64174381974435, -122.14030344073296) compass(26.6016569408) speed(0.0449528880417) lane(-0.043753858550248964,0.0,0.0,0.0,0.0) obstacle(41.7518405914)",2021-07-13 14:37:56.501000
perceptions,"gps(47.64174385984316, -122.14030343545433) compass(26.9219530253) speed(0.112891405821) lane(0.22191032843068836,0.0,0.0,0.3431372549019611,90.58823529411755) obstacle(41.7518405914)",2021-07-13 14:37:56.557000
perceptions,"gps(47.64174391669539, -122.1403034243122) compass(27.1104121702) speed(0.0812076628208) lane(0.18403698719991626,0.0,0.0,0.3765624999999998,78.02187500000002) obstacle(58.5456047058)",2021-07-13 14:37:56.631000
perceptions,"gps(47.64174394381874, -122.14030342061908) compass(28.248701216) speed(0.132728666067) lane(0.18403698719991626,0.0,0.0,0.0,0.0) obstacle(58.5456047058)",2021-07-13 14:37:56.677000
perceptions,"gps(47.6417439905616, -122.14030341298152) compass(30.074734604) speed(0.14876191318) lane(0.18403698719991626,0.0,0.0,0.0,0.0) obstacle(50.4802494049)",2021-07-13 14:37:56.739000
